model,tag,count,first_step,last_step,first,last,minimum,maximum,median,nonfinite,constant,zero_fraction,duplicate_steps,backward_jumps
imf,imf/train_u_mse_step,2783,49,139149,0.45044487714767456,0.3677598536014557,0.19437305629253387,6.081757545471191,0.49765539169311523,0,False,0.0,0,0
imf,imf/train_v_mse_step,2783,49,139149,0.13337689638137817,0.07893699407577515,0.07136055827140808,0.14282932877540588,0.08834397792816162,0,False,0.0,0,0
imf,imf/train_u_weighted_step,2783,49,139149,0.9999994039535522,0.9999961853027344,0.9999942779541016,0.9999995231628418,0.9999977946281433,0,False,0.0,0,0
imf,imf/train_v_weighted_step,2783,49,139149,0.9999991655349731,0.9999942779541016,0.9999920725822449,0.9999991655349731,0.9999966025352478,0,False,0.0,0,0
imf,imf/train_jvp_rms_step,2783,49,139149,2.817455530166626,2.4497227668762207,2.0343146324157715,11.655904769897461,3.2985053062438965,0,False,0.0,0,0
imf,imf/train_fm_fraction_step,2783,49,139149,0.5,0.5,0.5,0.5,0.5,0,True,0.0,0,0
imf,sub_loss/train_dur_loss_step,2783,49,139149,0.24166491627693176,0.18686284124851227,0.15057098865509033,0.29110661149024963,0.1821570098400116,0,False,0.0,0,0
imf,sub_loss/train_prior_loss_step,2783,49,139149,0.9831416010856628,0.9671282172203064,0.9646733999252319,0.9837186932563782,0.9683118462562561,0,False,0.0,0,0
imf,sub_loss/train_diff_loss_step,2783,49,139149,1.9999985694885254,1.999990463256836,1.9999864101409912,1.9999985694885254,1.9999943971633911,0,False,0.0,0,0
imf,mas_duration/train_zero_ratio_step,2783,49,139149,0.0,0.0,0.0,0.0,0.0,0,True,1.0,0,0
imf,mas_duration/train_one_ratio_step,2783,49,139149,0.04622028023004532,0.06058189645409584,0.035607244819402695,0.08729995787143707,0.05633204057812691,0,False,0.0,0,0
imf,mas_duration/train_le2_ratio_step,2783,49,139149,0.4183134138584137,0.3502350151538849,0.3168962299823761,0.4183134138584137,0.35525768995285034,0,False,0.0,0,0
imf,mas_duration/train_speech_zero_ratio_step,2783,49,139149,0.0,0.0,0.0,0.0,0.0,0,True,1.0,0,0
imf,mas_duration/train_speech_one_ratio_step,2783,49,139149,0.014382246881723404,0.01857565902173519,0.011950031854212284,0.034094225615262985,0.015892762690782547,0,False,0.0,0,0
imf,mas_duration/train_speech_le2_ratio_step,2783,49,139149,0.40957534313201904,0.32944560050964355,0.28777647018432617,0.40957534313201904,0.33698031306266785,0,False,0.0,0,0
imf,mas_duration/train_separator_zero_ratio_step,2783,49,139149,0.0,0.0,0.0,0.0,0.0,0,True,1.0,0,0
imf,mas_duration/train_separator_one_ratio_step,2783,49,139149,0.38669243454933167,0.325209379196167,0.27546820044517517,0.4120008647441864,0.3288784921169281,0,False,0.0,0,0
imf,mas_duration/train_separator_ge3_ratio_step,2783,49,139149,0.48766449093818665,0.5197409391403198,0.46184295415878296,0.5765034556388855,0.5252503156661987,0,False,0.0,0,0
imf,mas_duration/train_separator_ge5_ratio_step,2783,49,139149,0.31636670231819153,0.29938000440597534,0.2576996982097626,0.3641185462474823,0.3158210515975952,0,False,0.0,0,0
imf,mas_duration/train_word_separator_ge3_ratio_step,2783,49,139149,0.48766449093818665,0.5197409391403198,0.46184295415878296,0.5765034556388855,0.5252503156661987,0,False,0.0,0,0
imf,mas_duration/train_word_separator_ge5_ratio_step,2783,49,139149,0.31636670231819153,0.29938000440597534,0.2576996982097626,0.3641185462474823,0.3158210515975952,0,False,0.0,0,0
imf,mas_duration/train_blank_zero_ratio_step,2783,49,139149,0.0,0.0,0.0,0.0,0.0,0,True,1.0,0,0
imf,mas_duration/train_blank_one_ratio_step,2783,49,139149,0.0,0.0,0.0,0.0,0.0,0,True,1.0,0,0
imf,mas_duration/train_mean_step,2783,49,139149,4.0004801750183105,4.319911956787109,3.9419994354248047,4.448397636413574,4.278321743011475,0,False,0.0,0,0
imf,mas_duration/train_speech_mean_step,2783,49,139149,3.9003334045410156,4.2802734375,3.8539254665374756,4.48988151550293,4.209171295166016,0,False,0.0,0,0
imf,mas_duration/train_separator_mean_step,2783,49,139149,5.073184967041016,4.592724800109863,3.593146324157715,5.599323272705078,4.762717247009277,0,False,0.0,0,0
imf,mas_duration/train_word_separator_mean_step,2783,49,139149,5.073184967041016,4.592724800109863,3.593146324157715,5.599323272705078,4.762717247009277,0,False,0.0,0,0
imf,mas_duration/train_min_step,2783,49,139149,1.0,1.0,1.0,1.0,1.0,0,True,0.0,0,0
imf,mas_duration/train_speech_min_step,2783,49,139149,1.0,1.0,1.0,1.0,1.0,0,True,0.0,0,0
imf,mas_duration/train_separator_max_step,2783,49,139149,35.5,26.5,22.5,157.25,34.25,0,False,0.0,0,0
imf,mas_duration/train_word_separator_max_step,2783,49,139149,35.5,26.5,22.5,157.25,34.25,0,False,0.0,0,0
imf,mas_duration/train_mel_per_token_mean_step,2783,49,139149,4.021284103393555,4.38221549987793,3.969212293624878,4.842415809631348,4.325815677642822,0,False,0.0,0,0
imf,mas_duration/train_mel_per_token_min_step,2783,49,139149,3.3906643390655518,3.3466358184814453,3.0135836601257324,3.696972131729126,3.4266529083251953,0,False,0.0,0,0
imf,mas_duration/train_mel_per_speech_token_mean_step,2783,49,139149,4.417159080505371,5.140801429748535,4.3126444816589355,5.703798294067383,5.047828197479248,0,False,0.0,0,0
imf,mas_duration/train_mel_per_speech_token_min_step,2783,49,139149,3.652693510055542,3.718040943145752,3.344836950302124,4.071125030517578,3.6925580501556396,0,False,0.0,0,0
imf,mas_duration/train_sample_mel_per_token_lt1_ratio_step,2783,49,139149,0.0,0.0,0.0,0.0,0.0,0,True,1.0,0,0
imf,mas_duration/train_sample_mel_per_token_lt1_5_ratio_step,2783,49,139149,0.0,0.0,0.0,0.0,0.0,0,True,1.0,0,0
imf,duration_mask/train_masked_token_ratio_step,2783,49,139149,0.0,0.0,0.0,0.0,0.0,0,True,1.0,0,0
imf,duration_mask/train_masked_short_token_ratio_step,2783,49,139149,0.0,0.0,0.0,0.0,0.0,0,True,1.0,0,0
imf,duration_mask/train_masked_long_token_ratio_step,2783,49,139149,0.0,0.0,0.0,0.0,0.0,0,True,1.0,0,0
imf,duration_mask/train_arpa_masked_token_ratio_step,2783,49,139149,0.0,0.0,0.0,0.0,0.0,0,True,1.0,0,0
imf,duration_mask/train_arpa_masked_short_token_ratio_step,2783,49,139149,0.0,0.0,0.0,0.0,0.0,0,True,1.0,0,0
imf,duration_mask/train_arpa_masked_long_token_ratio_step,2783,49,139149,0.0,0.0,0.0,0.0,0.0,0,True,1.0,0,0
imf,duration_mask/train_zh_masked_token_ratio_step,2783,49,139149,0.0,0.0,0.0,0.0,0.0,0,True,1.0,0,0
imf,duration_mask/train_zh_masked_short_token_ratio_step,2783,49,139149,0.0,0.0,0.0,0.0,0.0,0,True,1.0,0,0
imf,duration_mask/train_zh_masked_long_token_ratio_step,2783,49,139149,0.0,0.0,0.0,0.0,0.0,0,True,1.0,0,0
imf,duration_mask/train_constrained_score_gap_per_frame_mean_step,2783,49,139149,0.37560662627220154,0.1503998339176178,0.07125239074230194,0.37560662627220154,0.15971723198890686,0,False,0.0,0,0
imf,duration_mask/train_constrained_score_gap_per_frame_max_step,2783,49,139149,1.4020503759384155,1.4326328039169312,0.3367573022842407,3.2535452842712402,1.0749316215515137,0,False,0.0,0,0
imf,duration_mask/train_floor_rescaled_sample_ratio_step,2783,49,139149,0.0,0.0,0.0,0.0,0.0,0,True,1.0,0,0
imf,duration_mask/train_ceiling_rescaled_sample_ratio_step,2783,49,139149,0.0,0.0,0.0,0.0,0.0,0,True,1.0,0,0
imf,duration_mask/train_ceiling_binding_token_ratio_step,2783,49,139149,0.11550162732601166,0.07806344330310822,0.0134808961302042,0.13068372011184692,0.08047515898942947,0,False,0.0,0,0
imf,duration_mask/train_infeasible_sample_ratio_step,2783,49,139149,0.0,0.0,0.0,0.0,0.0,0,True,1.0,0,0
imf,duration_mask/train_floor_binding_token_ratio_step,2783,49,139149,0.5062406659126282,0.3858957290649414,0.2940545380115509,0.5062406659126282,0.39514845609664917,0,False,0.0,0,0
imf,duration_mask/train_sil_target_mean_frames_step,2783,49,139149,7.390625476837158,7.598958492279053,3.4479167461395264,10.130208969116211,7.552083492279053,0,False,0.0,0,0
imf,train/dur_loss_weight,2783,49,139149,1.0,1.0,1.0,1.0,1.0,0,True,0.0,0,0
imf,train/prior_loss_weight,2783,49,139149,1.0,1.0,1.0,1.0,1.0,0,True,0.0,0,0
imf,loss/train_step,2783,49,139149,3.2248051166534424,3.1539814472198486,3.119237184524536,3.2748231887817383,3.149993658065796,0,False,0.0,0,0
imf,learning_rate/prior_encoder_step,2783,49,139149,4.350000017439015e-05,0.00027405880973674357,4.350000017439015e-05,0.0003000000142492354,0.0003000000142492354,0,False,0.0,0,0
imf,learning_rate/duration_predictor_step,2783,49,139149,4.350000017439015e-05,0.00027405880973674357,4.350000017439015e-05,0.0003000000142492354,0.0003000000142492354,0,False,0.0,0,0
imf,learning_rate/spk_emb_step,2783,49,139149,4.350000017439015e-05,0.00027405880973674357,4.350000017439015e-05,0.0003000000142492354,0.0003000000142492354,0,False,0.0,0,0
imf,learning_rate/decoder_step,2783,49,139149,4.350000017439015e-05,0.00027405880973674357,4.350000017439015e-05,0.0003000000142492354,0.0003000000142492354,0,False,0.0,0,0
imf,learning_rate/lr_step,2783,49,139149,4.350000017439015e-05,0.00027405880973674357,4.350000017439015e-05,0.0003000000142492354,0.0003000000142492354,0,False,0.0,0,0
imf,grad_norm/grad_2.0_norm/spk_emb.weight,2783,49,139149,0.024974394589662552,0.03288713097572327,0.014724768698215485,0.1268617957830429,0.02999841421842575,0,False,0.0,0,0
imf,grad_norm/grad_2.0_norm/encoder.emb.weight,2783,49,139149,0.04161635413765907,0.050104521214962006,0.017313143238425255,0.3455565571784973,0.04009710252285004,0,False,0.0,0,0
imf,grad_norm/grad_2.0_norm/encoder.prenet.conv_layers.0.weight,2783,49,139149,0.0019030204275622964,0.0029129069298505783,0.0008219542796723545,0.051625777035951614,0.0021124614868313074,0,False,0.0,0,0
imf,grad_norm/grad_2.0_norm/encoder.prenet.conv_layers.0.bias,2783,49,139149,5.302110730553977e-05,6.459810538217425e-05,2.1519370420719497e-05,0.0014825508696958423,6.0116963140899315e-05,0,False,0.0,0,0
imf,grad_norm/grad_2.0_norm/encoder.prenet.conv_layers.1.weight,2783,49,139149,0.0018368297023698688,0.0017990912310779095,0.0006261701346375048,0.03296198695898056,0.0015259797219187021,0,False,0.0,0,0
imf,grad_norm/grad_2.0_norm/encoder.prenet.conv_layers.1.bias,2783,49,139149,5.578204581979662e-05,8.356890612049028e-05,2.2895999791217037e-05,0.0011435450287535787,6.501998723251745e-05,0,False,0.0,0,0
imf,grad_norm/grad_2.0_norm/encoder.prenet.conv_layers.2.weight,2783,49,139149,0.0031776900868862867,0.002440570155158639,0.0008632504031993449,0.033113136887550354,0.0022410808596760035,0,False,0.0,0,0
imf,grad_norm/grad_2.0_norm/encoder.prenet.conv_layers.2.bias,2783,49,139149,0.00010922397632384673,7.661956624360755e-05,2.571982804511208e-05,0.0011635128175839782,7.591205212520435e-05,0,False,0.0,0,0
imf,grad_norm/grad_2.0_norm/encoder.prenet.norm_layers.0.gamma,2783,49,139149,0.00018451045616529882,0.0006167833344079554,9.24372288864106e-05,0.006866241339594126,0.00036953468224965036,0,False,0.0,0,0
imf,grad_norm/grad_2.0_norm/encoder.prenet.norm_layers.0.beta,2783,49,139149,0.00014784993254579604,0.0005162560846656561,8.605699258623645e-05,0.006449589971452951,0.00033762093516997993,0,False,0.0,0,0
imf,grad_norm/grad_2.0_norm/encoder.prenet.norm_layers.1.gamma,2783,49,139149,0.00019180905655957758,0.0003567230305634439,8.922158303903416e-05,0.0038982343394309282,0.0002588315401226282,0,False,0.0,0,0
imf,grad_norm/grad_2.0_norm/encoder.prenet.norm_layers.1.beta,2783,49,139149,0.00016988466086331755,0.0004064793756697327,0.00010092895536217839,0.004103503655642271,0.00028255730285309255,0,False,0.0,0,0
imf,grad_norm/grad_2.0_norm/encoder.prenet.norm_layers.2.gamma,2783,49,139149,0.0005651349201798439,0.001748897833749652,0.0003291885368525982,0.015421954914927483,0.0011263374472036958,0,False,0.0,0,0
imf,grad_norm/grad_2.0_norm/encoder.prenet.norm_layers.2.beta,2783,49,139149,0.0011616795090958476,0.0032826997339725494,0.0007038889452815056,0.023776473477482796,0.00210912455804646,0,False,0.0,0,0
imf,grad_norm/grad_2.0_norm/encoder.prenet.proj.weight,2783,49,139149,0.00857819989323616,0.0044725192710757256,0.0016936521278694272,0.043778371065855026,0.004455700982362032,0,False,0.0,0,0
imf,grad_norm/grad_2.0_norm/encoder.prenet.proj.bias,2783,49,139149,0.0045568253844976425,0.003724456764757633,0.0019252162892371416,0.027877802029252052,0.004680997226387262,0,False,0.0,0,0
imf,grad_norm/grad_2.0_norm/encoder.encoder.attn_layers.0.conv_q.weight,2783,49,139149,0.006442278157919645,0.006634914316236973,0.0021309403236955404,0.06878373771905899,0.005832646042108536,0,False,0.0,0,0
imf,grad_norm/grad_2.0_norm/encoder.encoder.attn_layers.0.conv_q.bias,2783,49,139149,0.00043538532918319106,0.0003131731355097145,0.0001175519500975497,0.005092876497656107,0.0003448321367613971,0,False,0.0,0,0
imf,grad_norm/grad_2.0_norm/encoder.encoder.attn_layers.0.conv_k.weight,2783,49,139149,0.006410866975784302,0.006465895101428032,0.0019759030546993017,0.06245850771665573,0.005974112544208765,0,False,0.0,0,0
imf,grad_norm/grad_2.0_norm/encoder.encoder.attn_layers.0.conv_k.bias,2783,49,139149,0.0002538365952204913,0.00024116972053889185,6.416360702132806e-05,0.002046516863629222,0.00019702472491189837,0,False,0.0,0,0
imf,grad_norm/grad_2.0_norm/encoder.encoder.attn_layers.0.conv_v.weight,2783,49,139149,0.015985539183020592,0.016011156141757965,0.005676328670233488,0.09888707101345062,0.014131882227957249,0,False,0.0,0,0
imf,grad_norm/grad_2.0_norm/encoder.encoder.attn_layers.0.conv_v.bias,2783,49,139149,0.001968932803720236,0.0016125042457133532,0.0006259980727918446,0.012229759246110916,0.0017119296826422215,0,False,0.0,0,0
imf,grad_norm/grad_2.0_norm/encoder.encoder.attn_layers.0.conv_o.weight,2783,49,139149,0.03503469005227089,0.013966651633381844,0.0052809519693255424,0.1668742448091507,0.014735487289726734,0,False,0.0,0,0
imf,grad_norm/grad_2.0_norm/encoder.encoder.attn_layers.0.conv_o.bias,2783,49,139149,0.004540964495390654,0.004203248303383589,0.0018004359444603324,0.02886512689292431,0.004555067978799343,0,False,0.0,0,0
imf,grad_norm/grad_2.0_norm/encoder.encoder.attn_layers.1.conv_q.weight,2783,49,139149,0.010666560381650925,0.010139313526451588,0.002916287165135145,0.09697016328573227,0.007961277849972248,0,False,0.0,0,0
imf,grad_norm/grad_2.0_norm/encoder.encoder.attn_layers.1.conv_q.bias,2783,49,139149,0.0007307960768230259,0.001061684568412602,0.0002515451342333108,0.00868650060147047,0.0007068563136272132,0,False,0.0,0,0
imf,grad_norm/grad_2.0_norm/encoder.encoder.attn_layers.1.conv_k.weight,2783,49,139149,0.009751788340508938,0.010741368867456913,0.0030385253485292196,0.09520075470209122,0.008206957019865513,0,False,0.0,0,0
imf,grad_norm/grad_2.0_norm/encoder.encoder.attn_layers.1.conv_k.bias,2783,49,139149,0.0003883921599481255,0.0007319396827369928,0.00012212924775667489,0.0058038439601659775,0.00042351597221568227,0,False,0.0,0,0
imf,grad_norm/grad_2.0_norm/encoder.encoder.attn_layers.1.conv_v.weight,2783,49,139149,0.023599151521921158,0.027632201090455055,0.008767232298851013,0.146492138504982,0.01928270421922207,0,False,0.0,0,0
imf,grad_norm/grad_2.0_norm/encoder.encoder.attn_layers.1.conv_v.bias,2783,49,139149,0.002788179786875844,0.007980238646268845,0.0013552127638831735,0.0315336212515831,0.003802402876317501,0,False,0.0,0,0
imf,grad_norm/grad_2.0_norm/encoder.encoder.attn_layers.1.conv_o.weight,2783,49,139149,0.029510600492358208,0.021663008257746696,0.005740176886320114,0.11666436493396759,0.016412101686000824,0,False,0.0,0,0
imf,grad_norm/grad_2.0_norm/encoder.encoder.attn_layers.1.conv_o.bias,2783,49,139149,0.004805958829820156,0.0098769161850214,0.0030056957621127367,0.04254043847322464,0.006950078997761011,0,False,0.0,0,0
imf,grad_norm/grad_2.0_norm/encoder.encoder.attn_layers.2.conv_q.weight,2783,49,139149,0.006546416785567999,0.012299875728785992,0.0028797925915569067,0.06674220412969589,0.008177530951797962,0,False,0.0,0,0
imf,grad_norm/grad_2.0_norm/encoder.encoder.attn_layers.2.conv_q.bias,2783,49,139149,0.0005922478158026934,0.0014102483401075006,0.0002294369915034622,0.006132121197879314,0.0007408839301206172,0,False,0.0,0,0
imf,grad_norm/grad_2.0_norm/encoder.encoder.attn_layers.2.conv_k.weight,2783,49,139149,0.0064521776512265205,0.013121780939400196,0.002816439140588045,0.06339892745018005,0.00836446974426508,0,False,0.0,0,0
imf,grad_norm/grad_2.0_norm/encoder.encoder.attn_layers.2.conv_k.bias,2783,49,139149,0.00023636934929527342,0.0008138102712109685,9.036867413669825e-05,0.004043984226882458,0.0004338690487202257,0,False,0.0,0,0
imf,grad_norm/grad_2.0_norm/encoder.encoder.attn_layers.2.conv_v.weight,2783,49,139149,0.02329200692474842,0.032467570155858994,0.010692049749195576,0.139936625957489,0.022706594318151474,0,False,0.0,0,0
imf,grad_norm/grad_2.0_norm/encoder.encoder.attn_layers.2.conv_v.bias,2783,49,139149,0.0028480824548751116,0.007868913933634758,0.0015772561309859157,0.03143658488988876,0.004171811044216156,0,False,0.0,0,0
imf,grad_norm/grad_2.0_norm/encoder.encoder.attn_layers.2.conv_o.weight,2783,49,139149,0.021904606372117996,0.021213706582784653,0.006464486941695213,0.09607332199811935,0.014854402281343937,0,False,0.0,0,0
imf,grad_norm/grad_2.0_norm/encoder.encoder.attn_layers.2.conv_o.bias,2783,49,139149,0.004197331611067057,0.009746978990733624,0.0027251604478806257,0.042137086391448975,0.006962491199374199,0,False,0.0,0,0
imf,grad_norm/grad_2.0_norm/encoder.encoder.attn_layers.3.conv_q.weight,2783,49,139149,0.013372857123613358,0.01805313676595688,0.005451813340187073,0.11152474582195282,0.011965012177824974,0,False,0.0,0,0
imf,grad_norm/grad_2.0_norm/encoder.encoder.attn_layers.3.conv_q.bias,2783,49,139149,0.001063537085428834,0.0023480462841689587,0.00040570428245700896,0.015064296312630177,0.0011717993766069412,0,False,0.0,0,0
imf,grad_norm/grad_2.0_norm/encoder.encoder.attn_layers.3.conv_k.weight,2783,49,139149,0.01620476320385933,0.01965133287012577,0.005720249377191067,0.10307793319225311,0.01239637192338705,0,False,0.0,0,0
imf,grad_norm/grad_2.0_norm/encoder.encoder.attn_layers.3.conv_k.bias,2783,49,139149,0.0007465847884304821,0.0013807875802740455,0.00017053261399269104,0.008720736019313335,0.0007175806094892323,0,False,0.0,0,0
imf,grad_norm/grad_2.0_norm/encoder.encoder.attn_layers.3.conv_v.weight,2783,49,139149,0.020895296707749367,0.03864065185189247,0.010388423688709736,0.15160620212554932,0.02817341312766075,0,False,0.0,0,0
imf,grad_norm/grad_2.0_norm/encoder.encoder.attn_layers.3.conv_v.bias,2783,49,139149,0.0022990501020103693,0.008898900821805,0.0010589859448373318,0.03229854628443718,0.004787030629813671,0,False,0.0,0,0
imf,grad_norm/grad_2.0_norm/encoder.encoder.attn_layers.3.conv_o.weight,2783,49,139149,0.019149255007505417,0.026076650246977806,0.0093332938849926,0.10336412489414215,0.018606681376695633,0,False,0.0,0,0
imf,grad_norm/grad_2.0_norm/encoder.encoder.attn_layers.3.conv_o.bias,2783,49,139149,0.0035975389182567596,0.010203303769230843,0.002111270325258374,0.03358342498540878,0.007373698987066746,0,False,0.0,0,0
imf,grad_norm/grad_2.0_norm/encoder.encoder.attn_layers.4.conv_q.weight,2783,49,139149,0.0062135690823197365,0.01142814103513956,0.003538991790264845,0.04645005241036415,0.00821629073470831,0,False,0.0,0,0
imf,grad_norm/grad_2.0_norm/encoder.encoder.attn_layers.4.conv_q.bias,2783,49,139149,0.0004543037503026426,0.001344546559266746,0.00020519756071735173,0.004504176322370768,0.0006492062238976359,0,False,0.0,0,0
imf,grad_norm/grad_2.0_norm/encoder.encoder.attn_layers.4.conv_k.weight,2783,49,139149,0.006694803945720196,0.012430943548679352,0.003416666993871331,0.04786205291748047,0.008256121538579464,0,False,0.0,0,0
imf,grad_norm/grad_2.0_norm/encoder.encoder.attn_layers.4.conv_k.bias,2783,49,139149,0.00014012178871780634,0.000783250667154789,6.66239284328185e-05,0.0026131877675652504,0.00031699403189122677,0,False,0.0,0,0
imf,grad_norm/grad_2.0_norm/encoder.encoder.attn_layers.4.conv_v.weight,2783,49,139149,0.016028642654418945,0.031222393736243248,0.00961065012961626,0.07694706320762634,0.020795514807105064,0,False,0.0,0,0
imf,grad_norm/grad_2.0_norm/encoder.encoder.attn_layers.4.conv_v.bias,2783,49,139149,0.0014625805197283626,0.007504946086555719,0.0008822483359836042,0.0162513367831707,0.0033179805614054203,0,False,0.0,0,0
imf,grad_norm/grad_2.0_norm/encoder.encoder.attn_layers.4.conv_o.weight,2783,49,139149,0.013015746138989925,0.018510153517127037,0.006047722417861223,0.044251102954149246,0.012371852993965149,0,False,0.0,0,0
imf,grad_norm/grad_2.0_norm/encoder.encoder.attn_layers.4.conv_o.bias,2783,49,139149,0.002829889301210642,0.00942380540072918,0.001874217065051198,0.021286336705088615,0.00701301172375679,0,False,0.0,0,0
imf,grad_norm/grad_2.0_norm/encoder.encoder.attn_layers.5.conv_q.weight,2783,49,139149,0.006555342581123114,0.01841897889971733,0.004324749112129211,0.07970119267702103,0.012936867773532867,0,False,0.0,0,0
imf,grad_norm/grad_2.0_norm/encoder.encoder.attn_layers.5.conv_q.bias,2783,49,139149,0.00041709444485604763,0.002394097624346614,0.0002719229378271848,0.007489893585443497,0.0011741139460355043,0,False,0.0,0,0
imf,grad_norm/grad_2.0_norm/encoder.encoder.attn_layers.5.conv_k.weight,2783,49,139149,0.007266492582857609,0.021665897220373154,0.00484243780374527,0.08031073957681656,0.013912435621023178,0,False,0.0,0,0
imf,grad_norm/grad_2.0_norm/encoder.encoder.attn_layers.5.conv_k.bias,2783,49,139149,0.0001647176395636052,0.0012261576484888792,0.00012050742952851579,0.0031333090737462044,0.0006052509997971356,0,False,0.0,0,0
imf,grad_norm/grad_2.0_norm/encoder.encoder.attn_layers.5.conv_v.weight,2783,49,139149,0.021564457565546036,0.040252070873975754,0.01784728281199932,0.20095939934253693,0.039325401186943054,0,False,0.0,0,0
imf,grad_norm/grad_2.0_norm/encoder.encoder.attn_layers.5.conv_v.bias,2783,49,139149,0.0015116335125640035,0.00720024760812521,0.0012745813000947237,0.024787358939647675,0.00485475268214941,0,False,0.0,0,0
imf,grad_norm/grad_2.0_norm/encoder.encoder.attn_layers.5.conv_o.weight,2783,49,139149,0.01252997387200594,0.018057527020573616,0.0071624815464019775,0.05257003754377365,0.013158782385289669,0,False,0.0,0,0
imf,grad_norm/grad_2.0_norm/encoder.encoder.attn_layers.5.conv_o.bias,2783,49,139149,0.0031393119134008884,0.007549852132797241,0.002807195298373699,0.028988435864448547,0.00798488687723875,0,False,0.0,0,0
imf,grad_norm/grad_2.0_norm/encoder.encoder.norm_layers_1.0.gamma,2783,49,139149,0.003356233472004533,0.006408611312508583,0.0017662572208791971,0.035504136234521866,0.004073889926075935,0,False,0.0,0,0
imf,grad_norm/grad_2.0_norm/encoder.encoder.norm_layers_1.0.beta,2783,49,139149,0.0045882537961006165,0.005524233914911747,0.0021887903567403555,0.03558049723505974,0.004918563179671764,0,False,0.0,0,0
imf,grad_norm/grad_2.0_norm/encoder.encoder.norm_layers_1.1.gamma,2783,49,139149,0.003812236012890935,0.006083421874791384,0.0018435735255479813,0.0349770113825798,0.004281414207071066,0,False,0.0,0,0
imf,grad_norm/grad_2.0_norm/encoder.encoder.norm_layers_1.1.beta,2783,49,139149,0.004523749928921461,0.007029898930341005,0.002533513121306896,0.03292933106422424,0.00541777815669775,0,False,0.0,0,0
imf,grad_norm/grad_2.0_norm/encoder.encoder.norm_layers_1.2.gamma,2783,49,139149,0.003076920984312892,0.00567402271553874,0.0019804597832262516,0.03049798496067524,0.004270261153578758,0,False,0.0,0,0
imf,grad_norm/grad_2.0_norm/encoder.encoder.norm_layers_1.2.beta,2783,49,139149,0.00398598425090313,0.006926550064235926,0.0025918136816471815,0.031251583248376846,0.005641056224703789,0,False,0.0,0,0
imf,grad_norm/grad_2.0_norm/encoder.encoder.norm_layers_1.3.gamma,2783,49,139149,0.002706182887777686,0.005240876227617264,0.0017279043095186353,0.02625247649848461,0.00424190703779459,0,False,0.0,0,0
imf,grad_norm/grad_2.0_norm/encoder.encoder.norm_layers_1.3.beta,2783,49,139149,0.003370925085619092,0.007144291885197163,0.002031972398981452,0.02346385456621647,0.005574352107942104,0,False,0.0,0,0
imf,grad_norm/grad_2.0_norm/encoder.encoder.norm_layers_1.4.gamma,2783,49,139149,0.0021221383940428495,0.00497873080894351,0.001786986831575632,0.012974201701581478,0.003947126679122448,0,False,0.0,0,0
imf,grad_norm/grad_2.0_norm/encoder.encoder.norm_layers_1.4.beta,2783,49,139149,0.003019024385139346,0.007161981891840696,0.002089771209284663,0.021179230883717537,0.005951144266873598,0,False,0.0,0,0
imf,grad_norm/grad_2.0_norm/encoder.encoder.norm_layers_1.5.gamma,2783,49,139149,0.002291381359100342,0.005486796144396067,0.002096650656312704,0.014243106357753277,0.004345750901848078,0,False,0.0,0,0
imf,grad_norm/grad_2.0_norm/encoder.encoder.norm_layers_1.5.beta,2783,49,139149,0.003985102754086256,0.006751660723239183,0.00354038760997355,0.03314649686217308,0.008095324039459229,0,False,0.0,0,0
imf,grad_norm/grad_2.0_norm/encoder.encoder.ffn_layers.0.conv_1.weight,2783,49,139149,0.04428089037537575,0.04209096357226372,0.01390319038182497,0.28714266419410706,0.03361349552869797,0,False,0.0,0,0
imf,grad_norm/grad_2.0_norm/encoder.encoder.ffn_layers.0.conv_1.bias,2783,49,139149,0.0018984024645760655,0.0012662167428061366,0.00045731221325695515,0.00878611858934164,0.0011180996662005782,0,False,0.0,0,0
imf,grad_norm/grad_2.0_norm/encoder.encoder.ffn_layers.0.conv_2.weight,2783,49,139149,0.055663783103227615,0.03907382860779762,0.014203974045813084,0.24907325208187103,0.030756007879972458,0,False,0.0,0,0
imf,grad_norm/grad_2.0_norm/encoder.encoder.ffn_layers.0.conv_2.bias,2783,49,139149,0.001291058026254177,0.003599603194743395,0.001258262200281024,0.02194090560078621,0.0037729220930486917,0,False,0.0,0,0
imf,grad_norm/grad_2.0_norm/encoder.encoder.ffn_layers.1.conv_1.weight,2783,49,139149,0.037106290459632874,0.04544496908783913,0.015214481391012669,0.3354766070842743,0.03481889143586159,0,False,0.0,0,0
imf,grad_norm/grad_2.0_norm/encoder.encoder.ffn_layers.1.conv_1.bias,2783,49,139149,0.0014214591355994344,0.0014496605144813657,0.0004840381443500519,0.010372349992394447,0.001146177644841373,0,False,0.0,0,0
imf,grad_norm/grad_2.0_norm/encoder.encoder.ffn_layers.1.conv_2.weight,2783,49,139149,0.02126971073448658,0.033525411039590836,0.012389292009174824,0.17343562841415405,0.026445455849170685,0,False,0.0,0,0
imf,grad_norm/grad_2.0_norm/encoder.encoder.ffn_layers.1.conv_2.bias,2783,49,139149,0.0036368982400745153,0.0050981114618480206,0.00201068795286119,0.02303980477154255,0.004413808695971966,0,False,0.0,0,0
imf,grad_norm/grad_2.0_norm/encoder.encoder.ffn_layers.2.conv_1.weight,2783,49,139149,0.036795295774936676,0.0509093776345253,0.01883772201836109,0.3175509572029114,0.03990217670798302,0,False,0.0,0,0
imf,grad_norm/grad_2.0_norm/encoder.encoder.ffn_layers.2.conv_1.bias,2783,49,139149,0.001408243551850319,0.001553099136799574,0.0006078918231651187,0.009663940407335758,0.001303418423049152,0,False,0.0,0,0
imf,grad_norm/grad_2.0_norm/encoder.encoder.ffn_layers.2.conv_2.weight,2783,49,139149,0.01986728236079216,0.0362292155623436,0.01290715578943491,0.1735207736492157,0.028059327974915504,0,False,0.0,0,0
imf,grad_norm/grad_2.0_norm/encoder.encoder.ffn_layers.2.conv_2.bias,2783,49,139149,0.0031816933769732714,0.0046058231964707375,0.0017357129836454988,0.016548413783311844,0.004267839714884758,0,False,0.0,0,0
imf,grad_norm/grad_2.0_norm/encoder.encoder.ffn_layers.3.conv_1.weight,2783,49,139149,0.03256722912192345,0.04885873943567276,0.020981017500162125,0.2126968502998352,0.040912847965955734,0,False,0.0,0,0
imf,grad_norm/grad_2.0_norm/encoder.encoder.ffn_layers.3.conv_1.bias,2783,49,139149,0.001265744329430163,0.0016266079619526863,0.0007240081904456019,0.007044204976409674,0.0014087543822824955,0,False,0.0,0,0
imf,grad_norm/grad_2.0_norm/encoder.encoder.ffn_layers.3.conv_2.weight,2783,49,139149,0.017077574506402016,0.03605213388800621,0.013516689650714397,0.11128409951925278,0.02822127379477024,0,False,0.0,0,0
imf,grad_norm/grad_2.0_norm/encoder.encoder.ffn_layers.3.conv_2.bias,2783,49,139149,0.0022199295926839113,0.0033887994941323996,0.0013896117452532053,0.01338896807283163,0.0034530088305473328,0,False,0.0,0,0
imf,grad_norm/grad_2.0_norm/encoder.encoder.ffn_layers.4.conv_1.weight,2783,49,139149,0.028048640117049217,0.04520227760076523,0.02062026783823967,0.117649607360363,0.038335856050252914,0,False,0.0,0,0
imf,grad_norm/grad_2.0_norm/encoder.encoder.ffn_layers.4.conv_1.bias,2783,49,139149,0.000998202944174409,0.0015939236618578434,0.0007062902441248298,0.003863677615299821,0.001413534046150744,0,False,0.0,0,0
imf,grad_norm/grad_2.0_norm/encoder.encoder.ffn_layers.4.conv_2.weight,2783,49,139149,0.016181841492652893,0.03320128843188286,0.01363719254732132,0.08609357476234436,0.028076650574803352,0,False,0.0,0,0
imf,grad_norm/grad_2.0_norm/encoder.encoder.ffn_layers.4.conv_2.bias,2783,49,139149,0.002312727738171816,0.003459982108324766,0.0015815523220226169,0.01735810562968254,0.00440423795953393,0,False,0.0,0,0
imf,grad_norm/grad_2.0_norm/encoder.encoder.ffn_layers.5.conv_1.weight,2783,49,139149,0.05971388891339302,0.053821563720703125,0.0325823612511158,0.22617386281490326,0.06386422365903854,0,False,0.0,0,0
imf,grad_norm/grad_2.0_norm/encoder.encoder.ffn_layers.5.conv_1.bias,2783,49,139149,0.0017752035055309534,0.0016086110845208168,0.0009312111069448292,0.00714363157749176,0.0019022435881197453,0,False,0.0,0,0
imf,grad_norm/grad_2.0_norm/encoder.encoder.ffn_layers.5.conv_2.weight,2783,49,139149,0.02165546454489231,0.0315886065363884,0.017693741247057915,0.10578788071870804,0.03146793320775032,0,False,0.0,0,0
imf,grad_norm/grad_2.0_norm/encoder.encoder.ffn_layers.5.conv_2.bias,2783,49,139149,0.0038931367453187704,0.0034195552580058575,0.0020410141441971064,0.03554920479655266,0.006575241684913635,0,False,0.0,0,0
imf,grad_norm/grad_2.0_norm/encoder.encoder.norm_layers_2.0.gamma,2783,49,139149,0.004354968201369047,0.009921502321958542,0.0022544723469763994,0.053187835961580276,0.005816455464810133,0,False,0.0,0,0
imf,grad_norm/grad_2.0_norm/encoder.encoder.norm_layers_2.0.beta,2783,49,139149,0.0052557894960045815,0.014724244363605976,0.003303688718006015,0.05995119735598564,0.00842602364718914,0,False,0.0,0,0
imf,grad_norm/grad_2.0_norm/encoder.encoder.norm_layers_2.1.gamma,2783,49,139149,0.0034767130855470896,0.0104347113519907,0.0024309370201081038,0.04251948744058609,0.0059828688390553,0,False,0.0,0,0
imf,grad_norm/grad_2.0_norm/encoder.encoder.norm_layers_2.1.beta,2783,49,139149,0.004631383810192347,0.014279469847679138,0.0030783270485699177,0.05209636315703392,0.008625531569123268,0,False,0.0,0,0
imf,grad_norm/grad_2.0_norm/encoder.encoder.norm_layers_2.2.gamma,2783,49,139149,0.003327516373246908,0.011909485794603825,0.0025511819403618574,0.05424920842051506,0.0066259331069886684,0,False,0.0,0,0
imf,grad_norm/grad_2.0_norm/encoder.encoder.norm_layers_2.2.beta,2783,49,139149,0.004600513260811567,0.016706470400094986,0.0025213488843292,0.059644997119903564,0.009975580498576164,0,False,0.0,0,0
imf,grad_norm/grad_2.0_norm/encoder.encoder.norm_layers_2.3.gamma,2783,49,139149,0.0023826381657272577,0.007989932782948017,0.0017210395308211446,0.02102596126496792,0.004915858618915081,0,False,0.0,0,0
imf,grad_norm/grad_2.0_norm/encoder.encoder.norm_layers_2.3.beta,2783,49,139149,0.0031099996995180845,0.01302148588001728,0.0021317258942872286,0.030070332810282707,0.0081405034288764,0,False,0.0,0,0
imf,grad_norm/grad_2.0_norm/encoder.encoder.norm_layers_2.4.gamma,2783,49,139149,0.002126893028616905,0.007069750223308802,0.0019823231268674135,0.014878700487315655,0.0050231460481882095,0,False,0.0,0,0
imf,grad_norm/grad_2.0_norm/encoder.encoder.norm_layers_2.4.beta,2783,49,139149,0.0033862448763102293,0.012134984135627747,0.0025466165971010923,0.036020588129758835,0.009845214895904064,0,False,0.0,0,0
imf,grad_norm/grad_2.0_norm/encoder.encoder.norm_layers_2.5.gamma,2783,49,139149,0.005133052356541157,0.024161674082279205,0.003566393395885825,0.08720607310533524,0.013975529000163078,0,False,0.0,0,0
imf,grad_norm/grad_2.0_norm/encoder.encoder.norm_layers_2.5.beta,2783,49,139149,0.006800422444939613,0.033633939921855927,0.006546809803694487,0.13834118843078613,0.02973264455795288,0,False,0.0,0,0
imf,grad_norm/grad_2.0_norm/encoder.proj_m.weight,2783,49,139149,0.3072131276130676,0.15333999693393707,0.12325131148099899,2.400698184967041,0.3826833963394165,0,False,0.0,0,0
imf,grad_norm/grad_2.0_norm/encoder.proj_m.bias,2783,49,139149,0.02318071573972702,0.0415373258292675,0.02235511876642704,0.23255525529384613,0.06031307205557823,0,False,0.0,0,0
imf,grad_norm/grad_2.0_norm/encoder.proj_w.conv_1.weight,2783,49,139149,0.19126060605049133,0.04375503584742546,0.018242934718728065,0.19126060605049133,0.047437213361263275,0,False,0.0,0,0
imf,grad_norm/grad_2.0_norm/encoder.proj_w.conv_1.bias,2783,49,139149,0.009505212306976318,0.005823072046041489,0.0011129692429676652,0.011662127450108528,0.003682961454614997,0,False,0.0,0,0
imf,grad_norm/grad_2.0_norm/encoder.proj_w.norm_1.gamma,2783,49,139149,0.0032502412796020508,0.0025661212857812643,0.0006812383071519434,0.004650970455259085,0.0018251326400786638,0,False,0.0,0,0
imf,grad_norm/grad_2.0_norm/encoder.proj_w.norm_1.beta,2783,49,139149,0.004626234527677298,0.005278728902339935,0.0007770250085741282,0.012689771130681038,0.002924150787293911,0,False,0.0,0,0
imf,grad_norm/grad_2.0_norm/encoder.proj_w.conv_2.weight,2783,49,139149,0.039973534643650055,0.019017569720745087,0.00832392554730177,0.04839783534407616,0.019242560490965843,0,False,0.0,0,0
imf,grad_norm/grad_2.0_norm/encoder.proj_w.conv_2.bias,2783,49,139149,0.002274723257869482,0.0008553601801395416,0.0003281082899775356,0.003708641277626157,0.0008334342273883522,0,False,0.0,0,0
imf,grad_norm/grad_2.0_norm/encoder.proj_w.norm_2.gamma,2783,49,139149,0.004631644114851952,0.004670396912842989,0.000580230203922838,0.017926961183547974,0.0031936350278556347,0,False,0.0,0,0
imf,grad_norm/grad_2.0_norm/encoder.proj_w.norm_2.beta,2783,49,139149,0.016956599429249763,0.015843702480196953,0.0006086492212489247,0.066482312977314,0.009400461800396442,0,False,0.0,0,0
imf,grad_norm/grad_2.0_norm/encoder.proj_w.proj.weight,2783,49,139149,0.48368945717811584,0.02909165620803833,0.011504816822707653,0.48368945717811584,0.04527132213115692,0,False,0.0,0,0
imf,grad_norm/grad_2.0_norm/encoder.proj_w.proj.bias,2783,49,139149,0.0472412109375,0.02105712890625,1.52587890625e-05,0.117919921875,0.016366243362426758,0,False,0.0,0,0
imf,grad_norm/grad_2.0_norm/decoder.estimator.time_mlp.linear_1.weight,2783,49,139149,0.06049931421875954,0.03901834040880203,0.012515564449131489,0.16690953075885773,0.030242906883358955,0,False,0.0,0,0
imf,grad_norm/grad_2.0_norm/decoder.estimator.time_mlp.linear_1.bias,2783,49,139149,0.006838132627308369,0.004348586313426495,0.00071172189200297,0.02035333588719368,0.002789146499708295,0,False,0.0,0,0
imf,grad_norm/grad_2.0_norm/decoder.estimator.time_mlp.linear_2.weight,2783,49,139149,0.0501011461019516,0.1335674375295639,0.020866042003035545,0.280333548784256,0.05749810114502907,0,False,0.0,0,0
imf,grad_norm/grad_2.0_norm/decoder.estimator.time_mlp.linear_2.bias,2783,49,139149,0.013121969997882843,0.025806162506341934,0.005100790876895189,0.0585937462747097,0.014502700418233871,0,False,0.0,0,0
imf,grad_norm/grad_2.0_norm/decoder.estimator.down_blocks.0.0.mlp.1.weight,2783,49,139149,0.02654542587697506,0.02871209941804409,0.007749045733362436,0.10333956032991409,0.02038099430501461,0,False,0.0,0,0
imf,grad_norm/grad_2.0_norm/decoder.estimator.down_blocks.0.0.mlp.1.bias,2783,49,139149,0.007591303903609514,0.011124528013169765,0.002623267937451601,0.03716406971216202,0.008221657946705818,0,False,0.0,0,0
imf,grad_norm/grad_2.0_norm/decoder.estimator.down_blocks.0.0.block1.block.0.weight,2783,49,139149,0.055608119815588,0.014201853424310684,0.006837358698248863,0.23244480788707733,0.019653160125017166,0,False,0.0,0,0
imf,grad_norm/grad_2.0_norm/decoder.estimator.down_blocks.0.0.block1.block.0.bias,2783,49,139149,0.0027332319878041744,0.0009976925794035196,0.0004107386921532452,0.01161242462694645,0.0011812594020739198,0,False,0.0,0,0
imf,grad_norm/grad_2.0_norm/decoder.estimator.down_blocks.0.0.block1.block.2.weight,2783,49,139149,0.005105904303491116,0.007820071652531624,0.0015421028947457671,0.023829666897654533,0.004666903056204319,0,False,0.0,0,0
imf,grad_norm/grad_2.0_norm/decoder.estimator.down_blocks.0.0.block1.block.2.bias,2783,49,139149,0.005512072704732418,0.006301481742411852,0.001651811064220965,0.02950269542634487,0.004717602860182524,0,False,0.0,0,0
imf,grad_norm/grad_2.0_norm/decoder.estimator.down_blocks.0.0.block2.block.0.weight,2783,49,139149,0.06312134116888046,0.034701284021139145,0.021116260439157486,0.2626238167285919,0.04688685014843941,0,False,0.0,0,0
imf,grad_norm/grad_2.0_norm/decoder.estimator.down_blocks.0.0.block2.block.0.bias,2783,49,139149,0.0029364621732383966,0.0017651842208579183,0.0009960216702893376,0.013556178659200668,0.00230452255345881,0,False,0.0,0,0
imf,grad_norm/grad_2.0_norm/decoder.estimator.down_blocks.0.0.block2.block.2.weight,2783,49,139149,0.02125086449086666,0.04083859920501709,0.01111067458987236,0.11522961407899857,0.026587754487991333,0,False,0.0,0,0
imf,grad_norm/grad_2.0_norm/decoder.estimator.down_blocks.0.0.block2.block.2.bias,2783,49,139149,0.020636873319745064,0.0275806225836277,0.016118524596095085,0.10646875202655792,0.028263909742236137,0,False,0.0,0,0
imf,grad_norm/grad_2.0_norm/decoder.estimator.down_blocks.0.0.res_conv.weight,2783,49,139149,0.3800075352191925,0.3245272934436798,0.22006353735923767,2.0864803791046143,0.44981858134269714,0,False,0.0,0,0
imf,grad_norm/grad_2.0_norm/decoder.estimator.down_blocks.0.0.res_conv.bias,2783,49,139149,0.03208990395069122,0.043325237929821014,0.026806479319930077,0.19118201732635498,0.04662114009261131,0,False,0.0,0,0
imf,grad_norm/grad_2.0_norm/decoder.estimator.down_blocks.0.1.0.norm1.weight,2783,49,139149,0.012060669250786304,0.004102903883904219,0.003063894109800458,0.03899485617876053,0.008335843682289124,0,False,0.0,0,0
imf,grad_norm/grad_2.0_norm/decoder.estimator.down_blocks.0.1.0.norm1.bias,2783,49,139149,0.012646076269447803,0.012106191366910934,0.006333339028060436,0.04359039291739464,0.012495975010097027,0,False,0.0,0,0
imf,grad_norm/grad_2.0_norm/decoder.estimator.down_blocks.0.1.0.attn1.to_q.weight,2783,49,139149,0.0021270320285111666,0.0011426504934206605,0.0007122642709873617,0.008897106163203716,0.0014375519240275025,0,False,0.0,0,0
imf,grad_norm/grad_2.0_norm/decoder.estimator.down_blocks.0.1.0.attn1.to_k.weight,2783,49,139149,0.0015605033840984106,0.0010884003713726997,0.0005349438870325685,0.003868773579597473,0.0010214382782578468,0,False,0.0,0,0
imf,grad_norm/grad_2.0_norm/decoder.estimator.down_blocks.0.1.0.attn1.to_v.weight,2783,49,139149,0.15061046183109283,0.043296992778778076,0.03276737034320831,0.3930646777153015,0.08016728609800339,0,False,0.0,0,0
imf,grad_norm/grad_2.0_norm/decoder.estimator.down_blocks.0.1.0.attn1.to_out.0.weight,2783,49,139149,0.1796310544013977,0.014037790708243847,0.0064035761170089245,0.6527364253997803,0.015985550358891487,0,False,0.0,0,0
imf,grad_norm/grad_2.0_norm/decoder.estimator.down_blocks.0.1.0.attn1.to_out.0.bias,2783,49,139149,0.031125102192163467,0.04270957037806511,0.026581497862935066,0.18669246137142181,0.04559052363038063,0,False,0.0,0,0
imf,grad_norm/grad_2.0_norm/decoder.estimator.down_blocks.0.1.0.norm3.weight,2783,49,139149,0.02055494301021099,0.019885867834091187,0.00884975865483284,0.09033336490392685,0.026083508506417274,0,False,0.0,0,0
imf,grad_norm/grad_2.0_norm/decoder.estimator.down_blocks.0.1.0.norm3.bias,2783,49,139149,0.02305878885090351,0.03142305836081505,0.01703387312591076,0.11487437784671783,0.03108884021639824,0,False,0.0,0,0
imf,grad_norm/grad_2.0_norm/decoder.estimator.down_blocks.0.1.0.ff.net.0.alpha,2783,49,139149,0.00217412575148046,0.011030791327357292,0.0012362280394881964,0.057531822472810745,0.007834527641534805,0,False,0.0,0,0
imf,grad_norm/grad_2.0_norm/decoder.estimator.down_blocks.0.1.0.ff.net.0.beta,2783,49,139149,0.0018795788055285811,0.008567774668335915,0.0010351721430197358,0.04376932606101036,0.006122541148215532,0,False,0.0,0,0
imf,grad_norm/grad_2.0_norm/decoder.estimator.down_blocks.0.1.0.ff.net.0.proj.weight,2783,49,139149,0.12748152017593384,0.08437063544988632,0.06034167855978012,0.4977767765522003,0.12039744853973389,0,False,0.0,0,0
imf,grad_norm/grad_2.0_norm/decoder.estimator.down_blocks.0.1.0.ff.net.0.proj.bias,2783,49,139149,0.009212633594870567,0.01570242829620838,0.00799928605556488,0.0409054197371006,0.013232521712779999,0,False,0.0,0,0
imf,grad_norm/grad_2.0_norm/decoder.estimator.down_blocks.0.1.0.ff.net.2.weight,2783,49,139149,0.5286732316017151,0.0846652090549469,0.056786615401506424,1.2346819639205933,0.17682747542858124,0,False,0.0,0,0
imf,grad_norm/grad_2.0_norm/decoder.estimator.down_blocks.0.1.0.ff.net.2.bias,2783,49,139149,0.026714157313108444,0.04463805630803108,0.02507767453789711,0.17044895887374878,0.043591294437646866,0,False,0.0,0,0
imf,grad_norm/grad_2.0_norm/decoder.estimator.down_blocks.0.2.conv.weight,2783,49,139149,0.4044690430164337,0.18017835915088654,0.1455475389957428,0.648949921131134,0.23873983323574066,0,False,0.0,0,0
imf,grad_norm/grad_2.0_norm/decoder.estimator.down_blocks.0.2.conv.bias,2783,49,139149,0.010084561072289944,0.005508500151336193,0.0053070224821567535,0.02475721947848797,0.009151383303105831,0,False,0.0,0,0
imf,grad_norm/grad_2.0_norm/decoder.estimator.down_blocks.1.0.mlp.1.weight,2783,49,139149,0.025754021480679512,0.01314737182110548,0.010012219659984112,0.06378819793462753,0.019204121083021164,0,False,0.0,0,0
imf,grad_norm/grad_2.0_norm/decoder.estimator.down_blocks.1.0.mlp.1.bias,2783,49,139149,0.0074783810414373875,0.0063970452174544334,0.004593046847730875,0.033334940671920776,0.009171082638204098,0,False,0.0,0,0
imf,grad_norm/grad_2.0_norm/decoder.estimator.down_blocks.1.0.block1.block.0.weight,2783,49,139149,0.023342322558164597,0.017816927284002304,0.010840661823749542,0.0451347716152668,0.017979290336370468,0,False,0.0,0,0
imf,grad_norm/grad_2.0_norm/decoder.estimator.down_blocks.1.0.block1.block.0.bias,2783,49,139149,0.0007384382770396769,0.00048532223445363343,0.0003872988745570183,0.0025525959208607674,0.0007665726589038968,0,False,0.0,0,0
imf,grad_norm/grad_2.0_norm/decoder.estimator.down_blocks.1.0.block1.block.2.weight,2783,49,139149,0.00465781707316637,0.004382890183478594,0.002729481551796198,0.015423751436173916,0.005060928408056498,0,False,0.0,0,0
imf,grad_norm/grad_2.0_norm/decoder.estimator.down_blocks.1.0.block1.block.2.bias,2783,49,139149,0.005010572262108326,0.003861428005620837,0.002800453221425414,0.016703519970178604,0.005051340442150831,0,False,0.0,0,0
imf,grad_norm/grad_2.0_norm/decoder.estimator.down_blocks.1.0.block2.block.0.weight,2783,49,139149,0.03982415422797203,0.023973319679498672,0.019160188734531403,0.06793196499347687,0.029611535370349884,0,False,0.0,0,0
imf,grad_norm/grad_2.0_norm/decoder.estimator.down_blocks.1.0.block2.block.0.bias,2783,49,139149,0.0029761791229248047,0.0016584472032263875,0.001512286951765418,0.008568819612264633,0.002694337395951152,0,False,0.0,0,0
imf,grad_norm/grad_2.0_norm/decoder.estimator.down_blocks.1.0.block2.block.2.weight,2783,49,139149,0.00652816379442811,0.005183734465390444,0.0035604718141257763,0.019435014575719833,0.006965612526983023,0,False,0.0,0,0
imf,grad_norm/grad_2.0_norm/decoder.estimator.down_blocks.1.0.block2.block.2.bias,2783,49,139149,0.0067832148633897305,0.005849207751452923,0.003981187008321285,0.022398797795176506,0.008532317355275154,0,False,0.0,0,0
imf,grad_norm/grad_2.0_norm/decoder.estimator.down_blocks.1.0.res_conv.weight,2783,49,139149,0.18262287974357605,0.15954849123954773,0.09675363451242447,0.3352096676826477,0.15034149587154388,0,False,0.0,0,0
imf,grad_norm/grad_2.0_norm/decoder.estimator.down_blocks.1.0.res_conv.bias,2783,49,139149,0.009610946290194988,0.007984415628015995,0.005948778707534075,0.04470106586813927,0.013134556822478771,0,False,0.0,0,0
imf,grad_norm/grad_2.0_norm/decoder.estimator.down_blocks.1.1.0.norm1.weight,2783,49,139149,0.00634955195710063,0.00773661769926548,0.003102176124230027,0.029743749648332596,0.00606637354940176,0,False,0.0,0,0
imf,grad_norm/grad_2.0_norm/decoder.estimator.down_blocks.1.1.0.norm1.bias,2783,49,139149,0.014763337559998035,0.00975484773516655,0.007005020044744015,0.11650613695383072,0.01604088582098484,0,False,0.0,0,0
imf,grad_norm/grad_2.0_norm/decoder.estimator.down_blocks.1.1.0.attn1.to_q.weight,2783,49,139149,0.0060567534528672695,0.004602181259542704,0.002414313843473792,0.014171177521348,0.0046598706394433975,0,False,0.0,0,0
imf,grad_norm/grad_2.0_norm/decoder.estimator.down_blocks.1.1.0.attn1.to_k.weight,2783,49,139149,0.006450795568525791,0.006062284577637911,0.00259295548312366,0.018640685826539993,0.005727122072130442,0,False,0.0,0,0
imf,grad_norm/grad_2.0_norm/decoder.estimator.down_blocks.1.1.0.attn1.to_v.weight,2783,49,139149,0.05499178543686867,0.02520066872239113,0.01907125860452652,0.11456967145204544,0.03485875576734543,0,False,0.0,0,0
imf,grad_norm/grad_2.0_norm/decoder.estimator.down_blocks.1.1.0.attn1.to_out.0.weight,2783,49,139149,0.028570929542183876,0.02059978060424328,0.009722947143018246,0.042380839586257935,0.019154459238052368,0,False,0.0,0,0
imf,grad_norm/grad_2.0_norm/decoder.estimator.down_blocks.1.1.0.attn1.to_out.0.bias,2783,49,139149,0.00829266756772995,0.007625282276421785,0.005666328128427267,0.028192412108182907,0.011036819778382778,0,False,0.0,0,0
imf,grad_norm/grad_2.0_norm/decoder.estimator.down_blocks.1.1.0.norm3.weight,2783,49,139149,0.006661589723080397,0.033604178577661514,0.004401215352118015,0.0496283620595932,0.01893732137978077,0,False,0.0,0,0
imf,grad_norm/grad_2.0_norm/decoder.estimator.down_blocks.1.1.0.norm3.bias,2783,49,139149,0.01317798625677824,0.036997631192207336,0.0072916424833238125,0.07882556319236755,0.029752936214208603,0,False,0.0,0,0
imf,grad_norm/grad_2.0_norm/decoder.estimator.down_blocks.1.1.0.ff.net.0.alpha,2783,49,139149,0.0041343639604747295,0.018029965460300446,0.0025311652570962906,0.0425320602953434,0.016075484454631805,0,False,0.0,0,0
imf,grad_norm/grad_2.0_norm/decoder.estimator.down_blocks.1.1.0.ff.net.0.beta,2783,49,139149,0.003127394011244178,0.013179164379835129,0.0019811054226011038,0.0313766673207283,0.01212979294359684,0,False,0.0,0,0
imf,grad_norm/grad_2.0_norm/decoder.estimator.down_blocks.1.1.0.ff.net.0.proj.weight,2783,49,139149,0.04460572078824043,0.04790157824754715,0.028569957241415977,0.1384819746017456,0.05679212138056755,0,False,0.0,0,0
imf,grad_norm/grad_2.0_norm/decoder.estimator.down_blocks.1.1.0.ff.net.0.proj.bias,2783,49,139149,0.008922724053263664,0.019549040123820305,0.004936547949910164,0.04210251569747925,0.018337896093726158,0,False,0.0,0,0
imf,grad_norm/grad_2.0_norm/decoder.estimator.down_blocks.1.1.0.ff.net.2.weight,2783,49,139149,0.07342110574245453,0.048522405326366425,0.03712981194257736,0.15919674932956696,0.06270946562290192,0,False,0.0,0,0
imf,grad_norm/grad_2.0_norm/decoder.estimator.down_blocks.1.1.0.ff.net.2.bias,2783,49,139149,0.008721940219402313,0.008243133313953876,0.0056543112732470036,0.031978853046894073,0.011976172216236591,0,False,0.0,0,0
imf,grad_norm/grad_2.0_norm/decoder.estimator.down_blocks.1.2.weight,2783,49,139149,0.11830630898475647,0.0706147849559784,0.04665109142661095,0.1668885499238968,0.07416494935750961,0,False,0.0,0,0
imf,grad_norm/grad_2.0_norm/decoder.estimator.down_blocks.1.2.bias,2783,49,139149,0.00428615091368556,0.0032632644288241863,0.002652085153385997,0.012526565231382847,0.004812218714505434,0,False,0.0,0,0
imf,grad_norm/grad_2.0_norm/decoder.estimator.mid_blocks.0.0.mlp.1.weight,2783,49,139149,0.02995944395661354,0.014308455400168896,0.00930783897638321,0.0676194578409195,0.017545903101563454,0,False,0.0,0,0
imf,grad_norm/grad_2.0_norm/decoder.estimator.mid_blocks.0.0.mlp.1.bias,2783,49,139149,0.008733727969229221,0.0069309682585299015,0.004197741858661175,0.024974294006824493,0.008479963056743145,0,False,0.0,0,0
imf,grad_norm/grad_2.0_norm/decoder.estimator.mid_blocks.0.0.block1.block.0.weight,2783,49,139149,0.024921849370002747,0.01736578345298767,0.011282850056886673,0.0399429015815258,0.0187261700630188,0,False,0.0,0,0
imf,grad_norm/grad_2.0_norm/decoder.estimator.mid_blocks.0.0.block1.block.0.bias,2783,49,139149,0.0008108755573630333,0.00056253228103742,0.0003683370305225253,0.002285381779074669,0.0008333130390383303,0,False,0.0,0,0
imf,grad_norm/grad_2.0_norm/decoder.estimator.mid_blocks.0.0.block1.block.2.weight,2783,49,139149,0.004129348788410425,0.003920491319149733,0.0021630674600601196,0.011513463221490383,0.004376840312033892,0,False,0.0,0,0
imf,grad_norm/grad_2.0_norm/decoder.estimator.mid_blocks.0.0.block1.block.2.bias,2783,49,139149,0.004857808817178011,0.0037044640630483627,0.0023949346505105495,0.011987967416644096,0.004533214028924704,0,False,0.0,0,0
imf,grad_norm/grad_2.0_norm/decoder.estimator.mid_blocks.0.0.block2.block.0.weight,2783,49,139149,0.03717487305402756,0.027146974578499794,0.018494386225938797,0.07212864607572556,0.03141685202717781,0,False,0.0,0,0
imf,grad_norm/grad_2.0_norm/decoder.estimator.mid_blocks.0.0.block2.block.0.bias,2783,49,139149,0.0035349742975085974,0.0017259250162169337,0.0012273519532755017,0.008412273600697517,0.0023386364337056875,0,False,0.0,0,0
imf,grad_norm/grad_2.0_norm/decoder.estimator.mid_blocks.0.0.block2.block.2.weight,2783,49,139149,0.0032111951150000095,0.005268285050988197,0.001871529151685536,0.010398700833320618,0.004319516941905022,0,False,0.0,0,0
imf,grad_norm/grad_2.0_norm/decoder.estimator.mid_blocks.0.0.block2.block.2.bias,2783,49,139149,0.0034984364174306393,0.004514310508966446,0.0019072574796155095,0.011913826689124107,0.004695300478488207,0,False,0.0,0,0
imf,grad_norm/grad_2.0_norm/decoder.estimator.mid_blocks.0.0.res_conv.weight,2783,49,139149,0.09826596081256866,0.10065046697854996,0.06286882609128952,0.16982001066207886,0.08823656290769577,0,False,0.0,0,0
imf,grad_norm/grad_2.0_norm/decoder.estimator.mid_blocks.0.0.res_conv.bias,2783,49,139149,0.005576014053076506,0.006272571161389351,0.0031260696705430746,0.018983939662575722,0.0072026560083031654,0,False,0.0,0,0
imf,grad_norm/grad_2.0_norm/decoder.estimator.mid_blocks.0.1.0.norm1.weight,2783,49,139149,0.0050733983516693115,0.006078984122723341,0.0026495580095797777,0.014721820130944252,0.0060073393397033215,0,False,0.0,0,0
imf,grad_norm/grad_2.0_norm/decoder.estimator.mid_blocks.0.1.0.norm1.bias,2783,49,139149,0.01033405028283596,0.008785354904830456,0.004993798676878214,0.031112922355532646,0.009708074852824211,0,False,0.0,0,0
imf,grad_norm/grad_2.0_norm/decoder.estimator.mid_blocks.0.1.0.attn1.to_q.weight,2783,49,139149,0.007217427249997854,0.004044191911816597,0.0017641456797719002,0.030889593064785004,0.0038700196892023087,0,False,0.0,0,0
imf,grad_norm/grad_2.0_norm/decoder.estimator.mid_blocks.0.1.0.attn1.to_k.weight,2783,49,139149,0.010297095403075218,0.0060884989798069,0.0027540503069758415,0.03142765909433365,0.006182975135743618,0,False,0.0,0,0
imf,grad_norm/grad_2.0_norm/decoder.estimator.mid_blocks.0.1.0.attn1.to_v.weight,2783,49,139149,0.03477907180786133,0.03537515550851822,0.024291392415761948,0.11539711803197861,0.04441232234239578,0,False,0.0,0,0
imf,grad_norm/grad_2.0_norm/decoder.estimator.mid_blocks.0.1.0.attn1.to_out.0.weight,2783,49,139149,0.015474794432520866,0.023889707401394844,0.012564427219331264,0.04966052249073982,0.02348361350595951,0,False,0.0,0,0
imf,grad_norm/grad_2.0_norm/decoder.estimator.mid_blocks.0.1.0.attn1.to_out.0.bias,2783,49,139149,0.004232817329466343,0.005050449166446924,0.0025879458989948034,0.01943366229534149,0.005922588054090738,0,False,0.0,0,0
imf,grad_norm/grad_2.0_norm/decoder.estimator.mid_blocks.0.1.0.norm3.weight,2783,49,139149,0.005629499442875385,0.017390884459018707,0.0043267011642456055,0.034084320068359375,0.01442808099091053,0,False,0.0,0,0
imf,grad_norm/grad_2.0_norm/decoder.estimator.mid_blocks.0.1.0.norm3.bias,2783,49,139149,0.011777062900364399,0.026668203994631767,0.007713300175964832,0.06258111447095871,0.024616003036499023,0,False,0.0,0,0
imf,grad_norm/grad_2.0_norm/decoder.estimator.mid_blocks.0.1.0.ff.net.0.alpha,2783,49,139149,0.002960903337225318,0.012031003832817078,0.0017866226844489574,0.03580305352807045,0.011186276562511921,0,False,0.0,0,0
imf,grad_norm/grad_2.0_norm/decoder.estimator.mid_blocks.0.1.0.ff.net.0.beta,2783,49,139149,0.0024741622619330883,0.00902837049216032,0.001434254227206111,0.03483542799949646,0.009812235832214355,0,False,0.0,0,0
imf,grad_norm/grad_2.0_norm/decoder.estimator.mid_blocks.0.1.0.ff.net.0.proj.weight,2783,49,139149,0.03712114319205284,0.043962348252534866,0.02571098320186138,0.15602706372737885,0.05552228167653084,0,False,0.0,0,0
imf,grad_norm/grad_2.0_norm/decoder.estimator.mid_blocks.0.1.0.ff.net.0.proj.bias,2783,49,139149,0.0067319972440600395,0.015128417871892452,0.004101306665688753,0.04588577151298523,0.015658581629395485,0,False,0.0,0,0
imf,grad_norm/grad_2.0_norm/decoder.estimator.mid_blocks.0.1.0.ff.net.2.weight,2783,49,139149,0.05176211893558502,0.03931151330471039,0.027423029765486717,0.14456772804260254,0.050718117505311966,0,False,0.0,0,0
imf,grad_norm/grad_2.0_norm/decoder.estimator.mid_blocks.0.1.0.ff.net.2.bias,2783,49,139149,0.005633447784930468,0.005216581746935844,0.00337147805839777,0.025896482169628143,0.007370543200522661,0,False,0.0,0,0
imf,grad_norm/grad_2.0_norm/decoder.estimator.mid_blocks.1.0.mlp.1.weight,2783,49,139149,0.03433699160814285,0.021944580599665642,0.013363026082515717,0.10107347369194031,0.027841512113809586,0,False,0.0,0,0
imf,grad_norm/grad_2.0_norm/decoder.estimator.mid_blocks.1.0.mlp.1.bias,2783,49,139149,0.010049260221421719,0.011116025038063526,0.0045690638944506645,0.04816422238945961,0.013502107001841068,0,False,0.0,0,0
imf,grad_norm/grad_2.0_norm/decoder.estimator.mid_blocks.1.0.block1.block.0.weight,2783,49,139149,0.0347333587706089,0.025389406830072403,0.01796737127006054,0.07652410119771957,0.02960819937288761,0,False,0.0,0,0
imf,grad_norm/grad_2.0_norm/decoder.estimator.mid_blocks.1.0.block1.block.0.bias,2783,49,139149,0.0011120327981188893,0.0008856127969920635,0.0005178953288123012,0.00528290867805481,0.001362376264296472,0,False,0.0,0,0
imf,grad_norm/grad_2.0_norm/decoder.estimator.mid_blocks.1.0.block1.block.2.weight,2783,49,139149,0.005247768945991993,0.005375931970775127,0.0025667469017207623,0.021551363170146942,0.006137548014521599,0,False,0.0,0,0
imf,grad_norm/grad_2.0_norm/decoder.estimator.mid_blocks.1.0.block1.block.2.bias,2783,49,139149,0.005773006472736597,0.004932244308292866,0.0027478199917823076,0.020038599148392677,0.006064827088266611,0,False,0.0,0,0
imf,grad_norm/grad_2.0_norm/decoder.estimator.mid_blocks.1.0.block2.block.0.weight,2783,49,139149,0.0471884086728096,0.03093254566192627,0.02305501699447632,0.0967099666595459,0.03833640366792679,0,False,0.0,0,0
imf,grad_norm/grad_2.0_norm/decoder.estimator.mid_blocks.1.0.block2.block.0.bias,2783,49,139149,0.004481085576117039,0.002542144386097789,0.0018833900103345513,0.013818567618727684,0.0038436504546552896,0,False,0.0,0,0
imf,grad_norm/grad_2.0_norm/decoder.estimator.mid_blocks.1.0.block2.block.2.weight,2783,49,139149,0.0033753328025341034,0.004840635694563389,0.001884261379018426,0.015902334824204445,0.00556108308956027,0,False,0.0,0,0
imf,grad_norm/grad_2.0_norm/decoder.estimator.mid_blocks.1.0.block2.block.2.bias,2783,49,139149,0.0038556379731744528,0.005180043168365955,0.0020163871813565493,0.01675446331501007,0.005971607752144337,0,False,0.0,0,0
imf,grad_norm/grad_2.0_norm/decoder.estimator.mid_blocks.1.0.res_conv.weight,2783,49,139149,0.1073303073644638,0.11682333797216415,0.06883856654167175,0.23473338782787323,0.1122378557920456,0,False,0.0,0,0
imf,grad_norm/grad_2.0_norm/decoder.estimator.mid_blocks.1.0.res_conv.bias,2783,49,139149,0.006203329190611839,0.008179138414561749,0.0034247979056090117,0.02985493838787079,0.010134488344192505,0,False,0.0,0,0
imf,grad_norm/grad_2.0_norm/decoder.estimator.mid_blocks.1.1.0.norm1.weight,2783,49,139149,0.004233951214700937,0.005872936919331551,0.002560452790930867,0.017971664667129517,0.006158100441098213,0,False,0.0,0,0
imf,grad_norm/grad_2.0_norm/decoder.estimator.mid_blocks.1.1.0.norm1.bias,2783,49,139149,0.010821497067809105,0.013259629718959332,0.005829548463225365,0.04718487709760666,0.01550932414829731,0,False,0.0,0,0
imf,grad_norm/grad_2.0_norm/decoder.estimator.mid_blocks.1.1.0.attn1.to_q.weight,2783,49,139149,0.0075695631094276905,0.006225967314094305,0.003490925533697009,0.01501462236046791,0.006241825874894857,0,False,0.0,0,0
imf,grad_norm/grad_2.0_norm/decoder.estimator.mid_blocks.1.1.0.attn1.to_k.weight,2783,49,139149,0.008213750086724758,0.006397575605660677,0.0037569846026599407,0.02264489233493805,0.0068192086182534695,0,False,0.0,0,0
imf,grad_norm/grad_2.0_norm/decoder.estimator.mid_blocks.1.1.0.attn1.to_v.weight,2783,49,139149,0.033414680510759354,0.0302876066416502,0.022646823897957802,0.10879183560609818,0.037896446883678436,0,False,0.0,0,0
imf,grad_norm/grad_2.0_norm/decoder.estimator.mid_blocks.1.1.0.attn1.to_out.0.weight,2783,49,139149,0.015671096742153168,0.016379395499825478,0.010074942372739315,0.04435407370328903,0.01679718866944313,0,False,0.0,0,0
imf,grad_norm/grad_2.0_norm/decoder.estimator.mid_blocks.1.1.0.attn1.to_out.0.bias,2783,49,139149,0.005190608091652393,0.007587679661810398,0.0028527271933853626,0.030488785356283188,0.008937457576394081,0,False,0.0,0,0
imf,grad_norm/grad_2.0_norm/decoder.estimator.mid_blocks.1.1.0.norm3.weight,2783,49,139149,0.005953606683760881,0.020888667553663254,0.004024353809654713,0.04305409640073776,0.015628300607204437,0,False,0.0,0,0
imf,grad_norm/grad_2.0_norm/decoder.estimator.mid_blocks.1.1.0.norm3.bias,2783,49,139149,0.010950681753456593,0.029994705691933632,0.007195726502686739,0.06694397330284119,0.026659419760107994,0,False,0.0,0,0
imf,grad_norm/grad_2.0_norm/decoder.estimator.mid_blocks.1.1.0.ff.net.0.alpha,2783,49,139149,0.0039965324103832245,0.015027125366032124,0.002184320241212845,0.0466027557849884,0.016038384288549423,0,False,0.0,0,0
imf,grad_norm/grad_2.0_norm/decoder.estimator.mid_blocks.1.1.0.ff.net.0.beta,2783,49,139149,0.0030185317154973745,0.011271596886217594,0.001616785186342895,0.03743718937039375,0.012454306706786156,0,False,0.0,0,0
imf,grad_norm/grad_2.0_norm/decoder.estimator.mid_blocks.1.1.0.ff.net.0.proj.weight,2783,49,139149,0.0388840027153492,0.047888822853565216,0.02649194374680519,0.18857593834400177,0.06377957761287689,0,False,0.0,0,0
imf,grad_norm/grad_2.0_norm/decoder.estimator.mid_blocks.1.1.0.ff.net.0.proj.bias,2783,49,139149,0.007006044965237379,0.017189251258969307,0.004315034486353397,0.05589906498789787,0.018149342387914658,0,False,0.0,0,0
imf,grad_norm/grad_2.0_norm/decoder.estimator.mid_blocks.1.1.0.ff.net.2.weight,2783,49,139149,0.05036673694849014,0.037099845707416534,0.028079932555556297,0.15244701504707336,0.04848577827215195,0,False,0.0,0,0
imf,grad_norm/grad_2.0_norm/decoder.estimator.mid_blocks.1.1.0.ff.net.2.bias,2783,49,139149,0.005957385525107384,0.006794207263737917,0.0037510553374886513,0.03141029551625252,0.008748057298362255,0,False,0.0,0,0
imf,grad_norm/grad_2.0_norm/decoder.estimator.up_blocks.0.0.mlp.1.weight,2783,49,139149,0.031981468200683594,0.014813014306128025,0.010211126878857613,0.06393960863351822,0.018387729302048683,0,False,0.0,0,0
imf,grad_norm/grad_2.0_norm/decoder.estimator.up_blocks.0.0.mlp.1.bias,2783,49,139149,0.009359005838632584,0.006380707956850529,0.003988009877502918,0.030803712084889412,0.00863129086792469,0,False,0.0,0,0
imf,grad_norm/grad_2.0_norm/decoder.estimator.up_blocks.0.0.block1.block.0.weight,2783,49,139149,0.03415082022547722,0.014932629652321339,0.011331871151924133,0.0451689176261425,0.01761643961071968,0,False,0.0,0,0
imf,grad_norm/grad_2.0_norm/decoder.estimator.up_blocks.0.0.block1.block.0.bias,2783,49,139149,0.0008550869533792138,0.0004956951015628874,0.00038589874748140574,0.0029607543256133795,0.0007557161152362823,0,False,0.0,0,0
imf,grad_norm/grad_2.0_norm/decoder.estimator.up_blocks.0.0.block1.block.2.weight,2783,49,139149,0.0038206083700060844,0.0034968263935297728,0.0021978099830448627,0.01076151616871357,0.00379972904920578,0,False,0.0,0,0
imf,grad_norm/grad_2.0_norm/decoder.estimator.up_blocks.0.0.block1.block.2.bias,2783,49,139149,0.004758372437208891,0.0033685516100376844,0.0023678792640566826,0.014452196657657623,0.004073043819516897,0,False,0.0,0,0
imf,grad_norm/grad_2.0_norm/decoder.estimator.up_blocks.0.0.block2.block.0.weight,2783,49,139149,0.029239080846309662,0.01665262132883072,0.013263114728033543,0.05554267019033432,0.020823989063501358,0,False,0.0,0,0
imf,grad_norm/grad_2.0_norm/decoder.estimator.up_blocks.0.0.block2.block.0.bias,2783,49,139149,0.0031055884901434183,0.0016269894549623132,0.001157817430794239,0.007762873079627752,0.0022550132125616074,0,False,0.0,0,0
imf,grad_norm/grad_2.0_norm/decoder.estimator.up_blocks.0.0.block2.block.2.weight,2783,49,139149,0.0023303022608160973,0.0032804422080516815,0.0014743746723979712,0.007977771572768688,0.0028350914362818003,0,False,0.0,0,0
imf,grad_norm/grad_2.0_norm/decoder.estimator.up_blocks.0.0.block2.block.2.bias,2783,49,139149,0.002346823224797845,0.003112727077677846,0.001507790177129209,0.010013610124588013,0.0034497780725359917,0,False,0.0,0,0
imf,grad_norm/grad_2.0_norm/decoder.estimator.up_blocks.0.0.res_conv.weight,2783,49,139149,0.07878825813531876,0.05430500581860542,0.038219351321458817,0.13389796018600464,0.0559595450758934,0,False,0.0,0,0
imf,grad_norm/grad_2.0_norm/decoder.estimator.up_blocks.0.0.res_conv.bias,2783,49,139149,0.0034349116031080484,0.004139128141105175,0.0023319204337894917,0.016156582161784172,0.005103068891912699,0,False,0.0,0,0
imf,grad_norm/grad_2.0_norm/decoder.estimator.up_blocks.0.1.0.norm1.weight,2783,49,139149,0.0037060286849737167,0.0024839541874825954,0.0016924432711675763,0.013410700485110283,0.0035173248033970594,0,False,0.0,0,0
imf,grad_norm/grad_2.0_norm/decoder.estimator.up_blocks.0.1.0.norm1.bias,2783,49,139149,0.00639589037746191,0.006224287208169699,0.0031778188422322273,0.02504945732653141,0.0071888454258441925,0,False,0.0,0,0
imf,grad_norm/grad_2.0_norm/decoder.estimator.up_blocks.0.1.0.attn1.to_q.weight,2783,49,139149,0.002924544969573617,0.0022419379092752934,0.0012757477816194296,0.007997632026672363,0.002225102623924613,0,False,0.0,0,0
imf,grad_norm/grad_2.0_norm/decoder.estimator.up_blocks.0.1.0.attn1.to_k.weight,2783,49,139149,0.003383772447705269,0.0020243930630385876,0.0011881155660375953,0.0069786254316568375,0.001967618940398097,0,False,0.0,0,0
imf,grad_norm/grad_2.0_norm/decoder.estimator.up_blocks.0.1.0.attn1.to_v.weight,2783,49,139149,0.028500834479928017,0.02350202202796936,0.01736563816666603,0.11892601102590561,0.031099075451493263,0,False,0.0,0,0
imf,grad_norm/grad_2.0_norm/decoder.estimator.up_blocks.0.1.0.attn1.to_out.0.weight,2783,49,139149,0.009894316084682941,0.010526656173169613,0.006063166540116072,0.02425556257367134,0.01047359500080347,0,False,0.0,0,0
imf,grad_norm/grad_2.0_norm/decoder.estimator.up_blocks.0.1.0.attn1.to_out.0.bias,2783,49,139149,0.0026081190444529057,0.0032996938098222017,0.0017789556877687573,0.01394233014434576,0.004058513790369034,0,False,0.0,0,0
imf,grad_norm/grad_2.0_norm/decoder.estimator.up_blocks.0.1.0.norm3.weight,2783,49,139149,0.0028116886969655752,0.010935045778751373,0.002183702774345875,0.02738119289278984,0.007448658347129822,0,False,0.0,0,0
imf,grad_norm/grad_2.0_norm/decoder.estimator.up_blocks.0.1.0.norm3.bias,2783,49,139149,0.005359013099223375,0.01666382886469364,0.0033247789833694696,0.03420430049300194,0.013685035519301891,0,False,0.0,0,0
imf,grad_norm/grad_2.0_norm/decoder.estimator.up_blocks.0.1.0.ff.net.0.alpha,2783,49,139149,0.002024263609200716,0.009789994917809963,0.0012991001131013036,0.02368508093059063,0.008152609691023827,0,False,0.0,0,0
imf,grad_norm/grad_2.0_norm/decoder.estimator.up_blocks.0.1.0.ff.net.0.beta,2783,49,139149,0.0016225981526076794,0.007333173882216215,0.0009588067186996341,0.01786237768828869,0.006194920279085636,0,False,0.0,0,0
imf,grad_norm/grad_2.0_norm/decoder.estimator.up_blocks.0.1.0.ff.net.0.proj.weight,2783,49,139149,0.014873471111059189,0.02245214581489563,0.010704247280955315,0.11310458183288574,0.030341992154717445,0,False,0.0,0,0
imf,grad_norm/grad_2.0_norm/decoder.estimator.up_blocks.0.1.0.ff.net.0.proj.bias,2783,49,139149,0.0025103227235376835,0.009209909476339817,0.001609617960639298,0.022887656465172768,0.008644615299999714,0,False,0.0,0,0
imf,grad_norm/grad_2.0_norm/decoder.estimator.up_blocks.0.1.0.ff.net.2.weight,2783,49,139149,0.02400488406419754,0.02447466179728508,0.016756530851125717,0.09195762872695923,0.029037531465291977,0,False,0.0,0,0
imf,grad_norm/grad_2.0_norm/decoder.estimator.up_blocks.0.1.0.ff.net.2.bias,2783,49,139149,0.0028033414855599403,0.0038397451862692833,0.002148744883015752,0.01580197736620903,0.004354359582066536,0,False,0.0,0,0
imf,grad_norm/grad_2.0_norm/decoder.estimator.up_blocks.0.2.conv.weight,2783,49,139149,0.08175517618656158,0.04737009108066559,0.02893015369772911,0.1074267104268074,0.045349959284067154,0,False,0.0,0,0
imf,grad_norm/grad_2.0_norm/decoder.estimator.up_blocks.0.2.conv.bias,2783,49,139149,0.003692667232826352,0.003137137508019805,0.0018207667162641883,0.013614214025437832,0.0038426124956458807,0,False,0.0,0,0
imf,grad_norm/grad_2.0_norm/decoder.estimator.up_blocks.1.0.mlp.1.weight,2783,49,139149,0.04276418685913086,0.021256795153021812,0.011589831672608852,0.0883822813630104,0.02100297436118126,0,False,0.0,0,0
imf,grad_norm/grad_2.0_norm/decoder.estimator.up_blocks.1.0.mlp.1.bias,2783,49,139149,0.01243403647094965,0.009360999800264835,0.0044381325133144855,0.030157633125782013,0.008809208869934082,0,False,0.0,0,0
imf,grad_norm/grad_2.0_norm/decoder.estimator.up_blocks.1.0.block1.block.0.weight,2783,49,139149,0.0519753135740757,0.014860437251627445,0.009638526476919651,0.10537257045507431,0.017181824892759323,0,False,0.0,0,0
imf,grad_norm/grad_2.0_norm/decoder.estimator.up_blocks.1.0.block1.block.0.bias,2783,49,139149,0.0011078724637627602,0.00040360147249884903,0.0002388959692325443,0.002673898357897997,0.0005554893286898732,0,False,0.0,0,0
imf,grad_norm/grad_2.0_norm/decoder.estimator.up_blocks.1.0.block1.block.2.weight,2783,49,139149,0.006326374132186174,0.004654188174754381,0.002117409836500883,0.013463762588799,0.003930374514311552,0,False,0.0,0,0
imf,grad_norm/grad_2.0_norm/decoder.estimator.up_blocks.1.0.block1.block.2.bias,2783,49,139149,0.007548905443400145,0.0038926422130316496,0.0019277269020676613,0.017088929191231728,0.003925734665244818,0,False,0.0,0,0
imf,grad_norm/grad_2.0_norm/decoder.estimator.up_blocks.1.0.block2.block.0.weight,2783,49,139149,0.0393395721912384,0.01842205971479416,0.013287573121488094,0.08424192667007446,0.023681147024035454,0,False,0.0,0,0
imf,grad_norm/grad_2.0_norm/decoder.estimator.up_blocks.1.0.block2.block.0.bias,2783,49,139149,0.004867810755968094,0.0021486557088792324,0.0013772749807685614,0.009397019632160664,0.002563036745414138,0,False,0.0,0,0
imf,grad_norm/grad_2.0_norm/decoder.estimator.up_blocks.1.0.block2.block.2.weight,2783,49,139149,0.003838607342913747,0.0043160319328308105,0.0020876715425401926,0.016348788514733315,0.004683338105678558,0,False,0.0,0,0
imf,grad_norm/grad_2.0_norm/decoder.estimator.up_blocks.1.0.block2.block.2.bias,2783,49,139149,0.00444128829985857,0.005293908528983593,0.003228505840525031,0.020247431471943855,0.006068309769034386,0,False,0.0,0,0
imf,grad_norm/grad_2.0_norm/decoder.estimator.up_blocks.1.0.res_conv.weight,2783,49,139149,0.1648704707622528,0.12291117012500763,0.08056871592998505,0.4704411029815674,0.12970909476280212,0,False,0.0,0,0
imf,grad_norm/grad_2.0_norm/decoder.estimator.up_blocks.1.0.res_conv.bias,2783,49,139149,0.006151400972157717,0.006930298171937466,0.00415980676189065,0.032890595495700836,0.008219980634748936,0,False,0.0,0,0
imf,grad_norm/grad_2.0_norm/decoder.estimator.up_blocks.1.1.0.norm1.weight,2783,49,139149,0.005410868674516678,0.004119708202779293,0.0017382302321493626,0.017211582511663437,0.004868016112595797,0,False,0.0,0,0
imf,grad_norm/grad_2.0_norm/decoder.estimator.up_blocks.1.1.0.norm1.bias,2783,49,139149,0.007914071902632713,0.008399381302297115,0.004015685059130192,0.038676973432302475,0.010102041065692902,0,False,0.0,0,0
imf,grad_norm/grad_2.0_norm/decoder.estimator.up_blocks.1.1.0.attn1.to_q.weight,2783,49,139149,0.0020948760211467743,0.001446593669243157,0.0008756693569011986,0.006583881098777056,0.0015979553572833538,0,False,0.0,0,0
imf,grad_norm/grad_2.0_norm/decoder.estimator.up_blocks.1.1.0.attn1.to_k.weight,2783,49,139149,0.001934833126142621,0.0025482522323727608,0.001204099622555077,0.004981163889169693,0.002395379589870572,0,False,0.0,0,0
imf,grad_norm/grad_2.0_norm/decoder.estimator.up_blocks.1.1.0.attn1.to_v.weight,2783,49,139149,0.06802473962306976,0.031526051461696625,0.021584583446383476,0.15049369633197784,0.04122161120176315,0,False,0.0,0,0
imf,grad_norm/grad_2.0_norm/decoder.estimator.up_blocks.1.1.0.attn1.to_out.0.weight,2783,49,139149,0.020555252209305763,0.013031724840402603,0.0032953787595033646,0.04919853433966637,0.013062995858490467,0,False,0.0,0,0
imf,grad_norm/grad_2.0_norm/decoder.estimator.up_blocks.1.1.0.attn1.to_out.0.bias,2783,49,139149,0.00701225595548749,0.007659608963876963,0.004678966011852026,0.03433261811733246,0.009129066951572895,0,False,0.0,0,0
imf,grad_norm/grad_2.0_norm/decoder.estimator.up_blocks.1.1.0.norm3.weight,2783,49,139149,0.0036610106471925974,0.012508735992014408,0.0025018237065523863,0.07365188002586365,0.011696216650307178,0,False,0.0,0,0
imf,grad_norm/grad_2.0_norm/decoder.estimator.up_blocks.1.1.0.norm3.bias,2783,49,139149,0.005151394288986921,0.028276566416025162,0.0038812151178717613,0.08100748062133789,0.020653976127505302,0,False,0.0,0,0
imf,grad_norm/grad_2.0_norm/decoder.estimator.up_blocks.1.1.0.ff.net.0.alpha,2783,49,139149,0.0017075167270377278,0.01347968727350235,0.0012179497862234712,0.031945742666721344,0.01022716611623764,0,False,0.0,0,0
imf,grad_norm/grad_2.0_norm/decoder.estimator.up_blocks.1.1.0.ff.net.0.beta,2783,49,139149,0.0013102954253554344,0.009097174741327763,0.0008025772403925657,0.02157948538661003,0.006987751927226782,0,False,0.0,0,0
imf,grad_norm/grad_2.0_norm/decoder.estimator.up_blocks.1.1.0.ff.net.0.proj.weight,2783,49,139149,0.024222590029239655,0.03586948662996292,0.017491279169917107,0.23686501383781433,0.05155374854803085,0,False,0.0,0,0
imf,grad_norm/grad_2.0_norm/decoder.estimator.up_blocks.1.1.0.ff.net.0.proj.bias,2783,49,139149,0.0027679980266839266,0.011642847210168839,0.0018722792156040668,0.04086543619632721,0.010771467350423336,0,False,0.0,0,0
imf,grad_norm/grad_2.0_norm/decoder.estimator.up_blocks.1.1.0.ff.net.2.weight,2783,49,139149,0.04443392530083656,0.02350962534546852,0.015259587205946445,0.14860115945339203,0.030930425971746445,0,False,0.0,0,0
imf,grad_norm/grad_2.0_norm/decoder.estimator.up_blocks.1.1.0.ff.net.2.bias,2783,49,139149,0.0072186533361673355,0.008488306775689125,0.0046711815521121025,0.04278120398521423,0.009753687307238579,0,False,0.0,0,0
imf,grad_norm/grad_2.0_norm/decoder.estimator.up_blocks.1.2.weight,2783,49,139149,0.1992003172636032,0.1648128181695938,0.08282990008592606,0.5537227988243103,0.16047462821006775,0,False,0.0,0,0
imf,grad_norm/grad_2.0_norm/decoder.estimator.up_blocks.1.2.bias,2783,49,139149,0.0032253083772957325,0.001724176574498415,0.0009779954561963677,0.012777465395629406,0.0026448622811585665,0,False,0.0,0,0
imf,grad_norm/grad_2.0_norm/decoder.estimator.final_block.block.0.weight,2783,49,139149,0.16896554827690125,0.1028284877538681,0.06785217672586441,0.6463271379470825,0.13986359536647797,0,False,0.0,0,0
imf,grad_norm/grad_2.0_norm/decoder.estimator.final_block.block.0.bias,2783,49,139149,0.0017847642302513123,0.00046691938769072294,0.00029596671811304986,0.006557080429047346,0.0009645443060435355,0,False,0.0,0,0
imf,grad_norm/grad_2.0_norm/decoder.estimator.final_block.block.2.weight,2783,49,139149,0.02835881896317005,0.04086384177207947,0.0194911640137434,0.1905021369457245,0.04423506557941437,0,False,0.0,0,0
imf,grad_norm/grad_2.0_norm/decoder.estimator.final_block.block.2.bias,2783,49,139149,0.04218617454171181,0.0567479245364666,0.020979400724172592,0.2710331976413727,0.06233007833361626,0,False,0.0,0,0
imf,grad_norm/grad_2.0_norm/decoder.estimator.final_proj.weight,2783,49,139149,0.32329365611076355,0.46876829862594604,0.1672126203775406,1.6111133098602295,0.4806576371192932,0,False,0.0,0,0
imf,grad_norm/grad_2.0_norm/decoder.estimator.final_proj.bias,2783,49,139149,0.021124333143234253,0.026645978912711143,0.010906494222581387,0.09529701620340347,0.02782241255044937,0,False,0.0,0,0
imf,grad_norm/grad_2.0_norm/decoder.estimator.interval_projector.linear_1.weight,2783,49,139149,0.0014193144161254168,0.009899046272039413,0.0014193144161254168,0.10357898473739624,0.020484698936343193,0,False,0.0,0,0
imf,grad_norm/grad_2.0_norm/decoder.estimator.interval_projector.linear_1.bias,2783,49,139149,0.00012311757018323988,0.0008592359954491258,0.00012311757018323988,0.009020436555147171,0.0017817867919802666,0,False,0.0,0,0
imf,grad_norm/grad_2.0_norm/decoder.estimator.interval_projector.linear_2.weight,2783,49,139149,0.08496413379907608,0.054070137441158295,0.002577901119366288,0.10870034247636795,0.016983870416879654,0,False,0.0,0,0
imf,grad_norm/grad_2.0_norm/decoder.estimator.interval_projector.linear_2.bias,2783,49,139149,0.013121969997882843,0.025806162506341934,0.005100790876895189,0.0585937462747097,0.014502700418233871,0,False,0.0,0,0
imf,grad_norm/grad_2.0_norm/decoder.estimator.v_up_blocks.0.0.mlp.1.weight,2783,49,139149,0.03847291320562363,0.019719012081623077,0.012724807485938072,0.12916389107704163,0.030213579535484314,0,False,0.0,0,0
imf,grad_norm/grad_2.0_norm/decoder.estimator.v_up_blocks.0.0.mlp.1.bias,2783,49,139149,0.011280973441898823,0.010538707487285137,0.005595588590949774,0.06310230493545532,0.01527880597859621,0,False,0.0,0,0
imf,grad_norm/grad_2.0_norm/decoder.estimator.v_up_blocks.0.0.block1.block.0.weight,2783,49,139149,0.043037403374910355,0.018534835427999496,0.013124707154929638,0.08123278617858887,0.02421943098306656,0,False,0.0,0,0
imf,grad_norm/grad_2.0_norm/decoder.estimator.v_up_blocks.0.0.block1.block.0.bias,2783,49,139149,0.0010339126456528902,0.0006561774061992764,0.0004991260939277709,0.005513649899512529,0.0011945118894800544,0,False,0.0,0,0
imf,grad_norm/grad_2.0_norm/decoder.estimator.v_up_blocks.0.0.block1.block.2.weight,2783,49,139149,0.004893922246992588,0.004658673889935017,0.0031949069816619158,0.01904935948550701,0.005919844843447208,0,False,0.0,0,0
imf,grad_norm/grad_2.0_norm/decoder.estimator.v_up_blocks.0.0.block1.block.2.bias,2783,49,139149,0.005697168409824371,0.004874543286859989,0.003343074582517147,0.028676152229309082,0.006776211317628622,0,False,0.0,0,0
imf,grad_norm/grad_2.0_norm/decoder.estimator.v_up_blocks.0.0.block2.block.0.weight,2783,49,139149,0.03841955587267876,0.0212007574737072,0.016219647601246834,0.08654773980379105,0.028622526675462723,0,False,0.0,0,0
imf,grad_norm/grad_2.0_norm/decoder.estimator.v_up_blocks.0.0.block2.block.0.bias,2783,49,139149,0.00389027944765985,0.002267272211611271,0.0017218797001987696,0.014780038967728615,0.0037365437019616365,0,False,0.0,0,0
imf,grad_norm/grad_2.0_norm/decoder.estimator.v_up_blocks.0.0.block2.block.2.weight,2783,49,139149,0.0028564848471432924,0.003118435386568308,0.0019248387543484569,0.012179048731923103,0.003984495997428894,0,False,0.0,0,0
imf,grad_norm/grad_2.0_norm/decoder.estimator.v_up_blocks.0.0.block2.block.2.bias,2783,49,139149,0.0029189593624323606,0.0037231517489999533,0.002188440877944231,0.016656512394547462,0.004941282328218222,0,False,0.0,0,0
imf,grad_norm/grad_2.0_norm/decoder.estimator.v_up_blocks.0.0.res_conv.weight,2783,49,139149,0.1028127372264862,0.0695420652627945,0.04863688349723816,0.20970095694065094,0.07606825232505798,0,False,0.0,0,0
imf,grad_norm/grad_2.0_norm/decoder.estimator.v_up_blocks.0.0.res_conv.bias,2783,49,139149,0.004357514437288046,0.005103900097310543,0.003521669190376997,0.025937197729945183,0.007259279023855925,0,False,0.0,0,0
imf,grad_norm/grad_2.0_norm/decoder.estimator.v_up_blocks.0.1.0.norm1.weight,2783,49,139149,0.004682379774749279,0.0030888861510902643,0.002204886870458722,0.018993716686964035,0.004859906621277332,0,False,0.0,0,0
imf,grad_norm/grad_2.0_norm/decoder.estimator.v_up_blocks.0.1.0.norm1.bias,2783,49,139149,0.008211538195610046,0.00817139446735382,0.003996244166046381,0.040130000561475754,0.010048099793493748,0,False,0.0,0,0
imf,grad_norm/grad_2.0_norm/decoder.estimator.v_up_blocks.0.1.0.attn1.to_q.weight,2783,49,139149,0.0039629749953746796,0.002534937346354127,0.0015572141855955124,0.015919744968414307,0.0029686246998608112,0,False,0.0,0,0
imf,grad_norm/grad_2.0_norm/decoder.estimator.v_up_blocks.0.1.0.attn1.to_k.weight,2783,49,139149,0.00447129737585783,0.0024076695553958416,0.0014937337255105376,0.011267316527664661,0.0026607459876686335,0,False,0.0,0,0
imf,grad_norm/grad_2.0_norm/decoder.estimator.v_up_blocks.0.1.0.attn1.to_v.weight,2783,49,139149,0.03704754635691643,0.027963213622570038,0.019781116396188736,0.17688427865505219,0.042505670338869095,0,False,0.0,0,0
imf,grad_norm/grad_2.0_norm/decoder.estimator.v_up_blocks.0.1.0.attn1.to_out.0.weight,2783,49,139149,0.012659692205488682,0.013475369662046432,0.008149927482008934,0.03507392853498459,0.01387983188033104,0,False,0.0,0,0
imf,grad_norm/grad_2.0_norm/decoder.estimator.v_up_blocks.0.1.0.attn1.to_out.0.bias,2783,49,139149,0.0033107020426541567,0.0042295814491808414,0.002751000924035907,0.022384215146303177,0.005780674982815981,0,False,0.0,0,0
imf,grad_norm/grad_2.0_norm/decoder.estimator.v_up_blocks.0.1.0.norm3.weight,2783,49,139149,0.003267179476097226,0.010495447553694248,0.0027548125945031643,0.045386455953121185,0.009876416996121407,0,False,0.0,0,0
imf,grad_norm/grad_2.0_norm/decoder.estimator.v_up_blocks.0.1.0.norm3.bias,2783,49,139149,0.006179260089993477,0.018448200076818466,0.004662021063268185,0.052215397357940674,0.017604662105441093,0,False,0.0,0,0
imf,grad_norm/grad_2.0_norm/decoder.estimator.v_up_blocks.0.1.0.ff.net.0.alpha,2783,49,139149,0.0024916306138038635,0.010958348400890827,0.002053116448223591,0.03420660272240639,0.010788523592054844,0,False,0.0,0,0
imf,grad_norm/grad_2.0_norm/decoder.estimator.v_up_blocks.0.1.0.ff.net.0.beta,2783,49,139149,0.002032084623351693,0.007946872152388096,0.001478291698731482,0.026198549196124077,0.00827751588076353,0,False,0.0,0,0
imf,grad_norm/grad_2.0_norm/decoder.estimator.v_up_blocks.0.1.0.ff.net.0.proj.weight,2783,49,139149,0.01870008371770382,0.027864819392561913,0.015572115778923035,0.16842634975910187,0.041680511087179184,0,False,0.0,0,0
imf,grad_norm/grad_2.0_norm/decoder.estimator.v_up_blocks.0.1.0.ff.net.0.proj.bias,2783,49,139149,0.0030840663239359856,0.010641678236424923,0.0025020823813974857,0.03572051227092743,0.011474501341581345,0,False,0.0,0,0
imf,grad_norm/grad_2.0_norm/decoder.estimator.v_up_blocks.0.1.0.ff.net.2.weight,2783,49,139149,0.030655955895781517,0.029586365446448326,0.021771447733044624,0.14204470813274384,0.0403275303542614,0,False,0.0,0,0
imf,grad_norm/grad_2.0_norm/decoder.estimator.v_up_blocks.0.1.0.ff.net.2.bias,2783,49,139149,0.003468878800049424,0.004533718805760145,0.002935501979663968,0.02472715638577938,0.006172941066324711,0,False,0.0,0,0
imf,grad_norm/grad_2.0_norm/decoder.estimator.v_up_blocks.0.2.conv.weight,2783,49,139149,0.10750780999660492,0.05175846070051193,0.03595201298594475,0.1935867965221405,0.05683121457695961,0,False,0.0,0,0
imf,grad_norm/grad_2.0_norm/decoder.estimator.v_up_blocks.0.2.conv.bias,2783,49,139149,0.004705300088971853,0.004069473594427109,0.0023684657644480467,0.021883618086576462,0.005619901232421398,0,False,0.0,0,0
imf,grad_norm/grad_2.0_norm/decoder.estimator.v_up_blocks.1.0.mlp.1.weight,2783,49,139149,0.05404866859316826,0.040870215743780136,0.0187678299844265,0.16898716986179352,0.039410557597875595,0,False,0.0,0,0
imf,grad_norm/grad_2.0_norm/decoder.estimator.v_up_blocks.1.0.mlp.1.bias,2783,49,139149,0.015981629490852356,0.01963261142373085,0.007805247791111469,0.07379728555679321,0.01839015819132328,0,False,0.0,0,0
imf,grad_norm/grad_2.0_norm/decoder.estimator.v_up_blocks.1.0.block1.block.0.weight,2783,49,139149,0.06183094531297684,0.025774290785193443,0.013784240931272507,0.18051278591156006,0.02896181307733059,0,False,0.0,0,0
imf,grad_norm/grad_2.0_norm/decoder.estimator.v_up_blocks.1.0.block1.block.0.bias,2783,49,139149,0.001289666979573667,0.0008346594404429197,0.00038492094608955085,0.005267320200800896,0.0009968408849090338,0,False,0.0,0,0
imf,grad_norm/grad_2.0_norm/decoder.estimator.v_up_blocks.1.0.block1.block.2.weight,2783,49,139149,0.007441751193255186,0.007587134372442961,0.003498845035210252,0.026699036359786987,0.006903841160237789,0,False,0.0,0,0
imf,grad_norm/grad_2.0_norm/decoder.estimator.v_up_blocks.1.0.block1.block.2.bias,2783,49,139149,0.008929282426834106,0.009424041025340557,0.004043722525238991,0.036113739013671875,0.00835178792476654,0,False,0.0,0,0
imf,grad_norm/grad_2.0_norm/decoder.estimator.v_up_blocks.1.0.block2.block.0.weight,2783,49,139149,0.05148264393210411,0.027460744604468346,0.015834320336580276,0.13771969079971313,0.03236846253275871,0,False,0.0,0,0
imf,grad_norm/grad_2.0_norm/decoder.estimator.v_up_blocks.1.0.block2.block.0.bias,2783,49,139149,0.006375215016305447,0.004788076039403677,0.002170428168028593,0.02308361604809761,0.0050268894992768764,0,False,0.0,0,0
imf,grad_norm/grad_2.0_norm/decoder.estimator.v_up_blocks.1.0.block2.block.2.weight,2783,49,139149,0.004612763877958059,0.008486171253025532,0.002561957575380802,0.030929576605558395,0.006862937472760677,0,False,0.0,0,0
imf,grad_norm/grad_2.0_norm/decoder.estimator.v_up_blocks.1.0.block2.block.2.bias,2783,49,139149,0.005805127322673798,0.008970762602984905,0.004135346971452236,0.03476199507713318,0.00838659517467022,0,False,0.0,0,0
imf,grad_norm/grad_2.0_norm/decoder.estimator.v_up_blocks.1.0.res_conv.weight,2783,49,139149,0.21384304761886597,0.18889442086219788,0.09109392762184143,0.7478381395339966,0.17260092496871948,0,False,0.0,0,0
imf,grad_norm/grad_2.0_norm/decoder.estimator.v_up_blocks.1.0.res_conv.bias,2783,49,139149,0.007865138351917267,0.011454528197646141,0.004939454607665539,0.05310549587011337,0.01117960549890995,0,False,0.0,0,0
imf,grad_norm/grad_2.0_norm/decoder.estimator.v_up_blocks.1.1.0.norm1.weight,2783,49,139149,0.006772622000426054,0.01054098829627037,0.001977083506062627,0.02277352660894394,0.005732650402933359,0,False,0.0,0,0
imf,grad_norm/grad_2.0_norm/decoder.estimator.v_up_blocks.1.1.0.norm1.bias,2783,49,139149,0.010335409082472324,0.011752065271139145,0.005629546940326691,0.055576108396053314,0.01259506493806839,0,False,0.0,0,0
imf,grad_norm/grad_2.0_norm/decoder.estimator.v_up_blocks.1.1.0.attn1.to_q.weight,2783,49,139149,0.002339522819966078,0.001469696406275034,0.0008978874539025128,0.013467282988131046,0.0017200610600411892,0,False,0.0,0,0
imf,grad_norm/grad_2.0_norm/decoder.estimator.v_up_blocks.1.1.0.attn1.to_k.weight,2783,49,139149,0.002443835372105241,0.0026351744309067726,0.0015008199261501431,0.007887493818998337,0.0028621514793485403,0,False,0.0,0,0
imf,grad_norm/grad_2.0_norm/decoder.estimator.v_up_blocks.1.1.0.attn1.to_v.weight,2783,49,139149,0.0905640497803688,0.03616911545395851,0.019284378737211227,0.29417112469673157,0.0458022765815258,0,False,0.0,0,0
imf,grad_norm/grad_2.0_norm/decoder.estimator.v_up_blocks.1.1.0.attn1.to_out.0.weight,2783,49,139149,0.02484406903386116,0.02167387492954731,0.004568395204842091,0.05148264393210411,0.01411169022321701,0,False,0.0,0,0
imf,grad_norm/grad_2.0_norm/decoder.estimator.v_up_blocks.1.1.0.attn1.to_out.0.bias,2783,49,139149,0.008998868986964226,0.01202606875449419,0.00553912715986371,0.054981574416160583,0.012257156893610954,0,False,0.0,0,0
imf,grad_norm/grad_2.0_norm/decoder.estimator.v_up_blocks.1.1.0.norm3.weight,2783,49,139149,0.004443911369889975,0.030918588861823082,0.004443911369889975,0.06967533379793167,0.01379372738301754,0,False,0.0,0,0
imf,grad_norm/grad_2.0_norm/decoder.estimator.v_up_blocks.1.1.0.norm3.bias,2783,49,139149,0.006019925232976675,0.03341769427061081,0.005840270780026913,0.10573705285787582,0.023897914215922356,0,False,0.0,0,0
imf,grad_norm/grad_2.0_norm/decoder.estimator.v_up_blocks.1.1.0.ff.net.0.alpha,2783,49,139149,0.002282013650983572,0.016258420422673225,0.0018813726492226124,0.04240692779421806,0.012774278409779072,0,False,0.0,0,0
imf,grad_norm/grad_2.0_norm/decoder.estimator.v_up_blocks.1.1.0.ff.net.0.beta,2783,49,139149,0.0017297249287366867,0.010986559092998505,0.0012531932443380356,0.02942539192736149,0.008740340359508991,0,False,0.0,0,0
imf,grad_norm/grad_2.0_norm/decoder.estimator.v_up_blocks.1.1.0.ff.net.0.proj.weight,2783,49,139149,0.0294108297675848,0.05199267342686653,0.02611677348613739,0.3074681758880615,0.06279517710208893,0,False,0.0,0,0
imf,grad_norm/grad_2.0_norm/decoder.estimator.v_up_blocks.1.1.0.ff.net.0.proj.bias,2783,49,139149,0.003279105992987752,0.015487449243664742,0.003279105992987752,0.05481881648302078,0.012948166579008102,0,False,0.0,0,0
imf,grad_norm/grad_2.0_norm/decoder.estimator.v_up_blocks.1.1.0.ff.net.2.weight,2783,49,139149,0.05694049596786499,0.03520527854561806,0.016579387709498405,0.2139548361301422,0.04035098850727081,0,False,0.0,0,0
imf,grad_norm/grad_2.0_norm/decoder.estimator.v_up_blocks.1.1.0.ff.net.2.bias,2783,49,139149,0.009201008826494217,0.013626454398036003,0.005430430639535189,0.06653454154729843,0.013102480210363865,0,False,0.0,0,0
imf,grad_norm/grad_2.0_norm/decoder.estimator.v_up_blocks.1.2.weight,2783,49,139149,0.26398780941963196,0.218648761510849,0.09246809780597687,1.070746898651123,0.19631728529930115,0,False,0.0,0,0
imf,grad_norm/grad_2.0_norm/decoder.estimator.v_up_blocks.1.2.bias,2783,49,139149,0.004117774777114391,0.002771700732409954,0.0011168154887855053,0.020400643348693848,0.0036057077813893557,0,False,0.0,0,0
imf,grad_norm/grad_2.0_norm/decoder.estimator.v_final_block.block.0.weight,2783,49,139149,0.2077033668756485,0.12424628436565399,0.07593019306659698,1.0189162492752075,0.18906241655349731,0,False,0.0,0,0
imf,grad_norm/grad_2.0_norm/decoder.estimator.v_final_block.block.0.bias,2783,49,139149,0.0021103988401591778,0.000573359546251595,0.0003321208350826055,0.010784280486404896,0.001350324833765626,0,False,0.0,0,0
imf,grad_norm/grad_2.0_norm/decoder.estimator.v_final_block.block.2.weight,2783,49,139149,0.03451824560761452,0.05465015769004822,0.03117852844297886,0.28578099608421326,0.06115923449397087,0,False,0.0,0,0
imf,grad_norm/grad_2.0_norm/decoder.estimator.v_final_block.block.2.bias,2783,49,139149,0.050462570041418076,0.07464958727359772,0.04508769139647484,0.42958346009254456,0.087358757853508,0,False,0.0,0,0
imf,grad_norm/grad_2.0_norm/decoder.estimator.v_final_proj.weight,2783,49,139149,0.41243988275527954,0.5847159028053284,0.31035977602005005,2.5358829498291016,0.6624266505241394,0,False,0.0,0,0
imf,grad_norm/grad_2.0_norm/decoder.estimator.v_final_proj.bias,2783,49,139149,0.026940682902932167,0.033168014138936996,0.019642291590571404,0.14966756105422974,0.03851688280701637,0,False,0.0,0,0
imf,grad_norm/grad_2.0_norm/decoder.encoder.embed.out.0.weight,2783,49,139149,0.14477798342704773,0.1750573068857193,0.1301179826259613,1.207761526107788,0.28777360916137695,0,False,0.0,0,0
imf,grad_norm/grad_2.0_norm/decoder.encoder.embed.out.0.bias,2783,49,139149,0.023384135216474533,0.03440551459789276,0.022644713521003723,0.25464022159576416,0.05594862997531891,0,False,0.0,0,0
imf,grad_norm/grad_2.0_norm/decoder.encoder.embed.out.1.weight,2783,49,139149,0.003264909377321601,0.00687730498611927,0.0017804716480895877,0.03085421584546566,0.0050800940953195095,0,False,0.0,0,0
imf,grad_norm/grad_2.0_norm/decoder.encoder.embed.out.1.bias,2783,49,139149,0.003528546541929245,0.025231245905160904,0.003528546541929245,0.09249730408191681,0.02212521992623806,0,False,0.0,0,0
imf,grad_norm/grad_2.0_norm/decoder.encoder.after_norm.weight,2783,49,139149,0.026133084669709206,0.021100584417581558,0.006885360460728407,0.1348837912082672,0.026976505294442177,0,False,0.0,0,0
imf,grad_norm/grad_2.0_norm/decoder.encoder.after_norm.bias,2783,49,139149,0.023834140971302986,0.021386537700891495,0.014697286300361156,0.19154569506645203,0.03752128407359123,0,False,0.0,0,0
imf,grad_norm/grad_2.0_norm/decoder.encoder.pre_lookahead_layer.conv1.weight,2783,49,139149,0.01437713298946619,0.022484852001070976,0.011894029565155506,0.14919592440128326,0.029989996924996376,0,False,0.0,0,0
imf,grad_norm/grad_2.0_norm/decoder.encoder.pre_lookahead_layer.conv1.bias,2783,49,139149,7.488398114219308e-05,0.0008641205495223403,7.461453060386702e-05,0.0023181582801043987,0.0005268467939458787,0,False,0.0,0,0
imf,grad_norm/grad_2.0_norm/decoder.encoder.pre_lookahead_layer.conv2.weight,2783,49,139149,0.052872855216264725,0.05233002081513405,0.034104179590940475,0.33121952414512634,0.0665079802274704,0,False,0.0,0,0
imf,grad_norm/grad_2.0_norm/decoder.encoder.pre_lookahead_layer.conv2.bias,2783,49,139149,4.7217137762345374e-05,0.000447952828835696,4.7217137762345374e-05,0.0012668435228988528,0.0002835625782608986,0,False,0.0,0,0
imf,grad_norm/grad_2.0_norm/decoder.encoder.encoders.0.self_attn.pos_bias_u,2783,49,139149,1.0894963452301454e-05,0.0008031022734940052,1.0894963452301454e-05,0.005110725294798613,0.00039432922494597733,0,False,0.0,0,0
imf,grad_norm/grad_2.0_norm/decoder.encoder.encoders.0.self_attn.pos_bias_v,2783,49,139149,1.6749900169088505e-05,0.000354637682903558,1.6286125173792243e-05,0.0018759487429633737,0.00024210634001065046,0,False,0.0,0,0
imf,grad_norm/grad_2.0_norm/decoder.encoder.encoders.0.self_attn.linear_q.weight,2783,49,139149,0.0002341627114219591,0.004248720593750477,0.0002341627114219591,0.0425814688205719,0.003047583857551217,0,False,0.0,0,0
imf,grad_norm/grad_2.0_norm/decoder.encoder.encoders.0.self_attn.linear_q.bias,2783,49,139149,2.196076457039453e-05,0.0007299570715986192,2.196076457039453e-05,0.004875923972576857,0.00038560654502362013,0,False,0.0,0,0
imf,grad_norm/grad_2.0_norm/decoder.encoder.encoders.0.self_attn.linear_k.weight,2783,49,139149,0.0003089715028181672,0.0032997040543705225,0.0003089715028181672,0.03768043965101242,0.0024100306909531355,0,False,0.0,0,0
imf,grad_norm/grad_2.0_norm/decoder.encoder.encoders.0.self_attn.linear_k.bias,2783,49,139149,2.5637291400926188e-08,6.146602231638099e-07,2.5637291400926188e-08,1.4091107232161448e-06,3.8827394632789947e-07,0,False,0.0,0,0
imf,grad_norm/grad_2.0_norm/decoder.encoder.encoders.0.self_attn.linear_v.weight,2783,49,139149,0.0005470266914926469,0.005049246363341808,0.000536775216460228,0.026532795280218124,0.004090037662535906,0,False,0.0,0,0
imf,grad_norm/grad_2.0_norm/decoder.encoder.encoders.0.self_attn.linear_v.bias,2783,49,139149,5.568412598222494e-05,0.0009322113473899662,5.4842876124894246e-05,0.0030965739861130714,0.0005368581041693687,0,False,0.0,0,0
imf,grad_norm/grad_2.0_norm/decoder.encoder.encoders.0.self_attn.linear_out.weight,2783,49,139149,0.000244972703512758,0.0026108319871127605,0.000244972703512758,0.007808362599462271,0.0020752642303705215,0,False,0.0,0,0
imf,grad_norm/grad_2.0_norm/decoder.encoder.encoders.0.self_attn.linear_out.bias,2783,49,139149,4.702670776168816e-05,0.00041214426164515316,4.702670776168816e-05,0.0012481620069593191,0.00028297025710344315,0,False,0.0,0,0
imf,grad_norm/grad_2.0_norm/decoder.encoder.encoders.0.self_attn.linear_pos.weight,2783,49,139149,0.00016387627692893147,0.00165985815692693,0.00016387627692893147,0.012683674693107605,0.001422776491381228,0,False,0.0,0,0
imf,grad_norm/grad_2.0_norm/decoder.encoder.encoders.0.feed_forward.w_1.weight,2783,49,139149,0.0001958831853698939,0.006072004325687885,0.00017866957932710648,0.009128153324127197,0.002357944380491972,0,False,0.0,0,0
imf,grad_norm/grad_2.0_norm/decoder.encoder.encoders.0.feed_forward.w_1.bias,2783,49,139149,2.04629195650341e-05,0.0005545914173126221,1.8878881746786647e-05,0.0009716256754472852,0.0002884525456465781,0,False,0.0,0,0
imf,grad_norm/grad_2.0_norm/decoder.encoder.encoders.0.feed_forward.w_2.weight,2783,49,139149,0.00014495856885332614,0.004976073745638132,0.00011943298886762932,0.007431835867464542,0.0014055476058274508,0,False,0.0,0,0
imf,grad_norm/grad_2.0_norm/decoder.encoder.encoders.0.feed_forward.w_2.bias,2783,49,139149,4.6754728828091174e-05,0.0004571309546008706,4.6754728828091174e-05,0.0012590372934937477,0.0002848695148713887,0,False,0.0,0,0
imf,grad_norm/grad_2.0_norm/decoder.encoder.encoders.0.norm_ff.weight,2783,49,139149,6.192099681356922e-05,0.001443469780497253,3.8345584471244365e-05,0.0024391154292970896,0.0004917625919915736,0,False,0.0,0,0
imf,grad_norm/grad_2.0_norm/decoder.encoder.encoders.0.norm_ff.bias,2783,49,139149,5.488252281793393e-05,0.0021844825241714716,5.253576091490686e-05,0.004250830039381981,0.0011420351220294833,0,False,0.0,0,0
imf,grad_norm/grad_2.0_norm/decoder.encoder.encoders.0.norm_mha.weight,2783,49,139149,5.522970241145231e-05,0.0018162877531722188,5.522970241145231e-05,0.009356106631457806,0.0009204742382280529,0,False,0.0,0,0
imf,grad_norm/grad_2.0_norm/decoder.encoder.encoders.0.norm_mha.bias,2783,49,139149,0.00014077646483201534,0.006016140803694725,9.276555647375062e-05,0.01528213545680046,0.002363319741562009,0,False,0.0,0,0
imf,grad_norm/grad_2.0_norm/decoder.encoder.encoders.1.self_attn.pos_bias_u,2783,49,139149,3.410089266253635e-05,0.0005984375020489097,9.985576980398037e-06,0.0055528320372104645,0.00034932431299239397,0,False,0.0,0,0
imf,grad_norm/grad_2.0_norm/decoder.encoder.encoders.1.self_attn.pos_bias_v,2783,49,139149,6.982901686569676e-05,0.00037823323509655893,1.821053956518881e-05,0.001601771917194128,0.0002635181590449065,0,False,0.0,0,0
imf,grad_norm/grad_2.0_norm/decoder.encoder.encoders.1.self_attn.linear_q.weight,2783,49,139149,0.0006540738395415246,0.003441060660406947,0.0002745797683019191,0.022572780027985573,0.0028294045478105545,0,False,0.0,0,0
imf,grad_norm/grad_2.0_norm/decoder.encoder.encoders.1.self_attn.linear_q.bias,2783,49,139149,6.603713700314984e-05,0.0005906375590711832,2.7663374567055143e-05,0.005210206378251314,0.0004239452537149191,0,False,0.0,0,0
imf,grad_norm/grad_2.0_norm/decoder.encoder.encoders.1.self_attn.linear_k.weight,2783,49,139149,0.00044596573570743203,0.0032874231692403555,0.00011492173507576808,0.01525627076625824,0.0019374778494238853,0,False,0.0,0,0
imf,grad_norm/grad_2.0_norm/decoder.encoder.encoders.1.self_attn.linear_k.bias,2783,49,139149,4.7138389192014074e-08,5.514882559509715e-07,4.010145460142667e-08,1.333780232926074e-06,3.06327308408072e-07,0,False,0.0,0,0
imf,grad_norm/grad_2.0_norm/decoder.encoder.encoders.1.self_attn.linear_v.weight,2783,49,139149,0.0004928686539642513,0.004101341590285301,0.0004928686539642513,0.0205228328704834,0.0037248360458761454,0,False,0.0,0,0
imf,grad_norm/grad_2.0_norm/decoder.encoder.encoders.1.self_attn.linear_v.bias,2783,49,139149,5.092107312520966e-05,0.0010985638946294785,5.092107312520966e-05,0.003331559943035245,0.0006194590823724866,0,False,0.0,0,0
imf,grad_norm/grad_2.0_norm/decoder.encoder.encoders.1.self_attn.linear_out.weight,2783,49,139149,0.00024424318689852953,0.002807985758408904,0.00022401647584047168,0.005687303841114044,0.00125245307572186,0,False,0.0,0,0
imf,grad_norm/grad_2.0_norm/decoder.encoder.encoders.1.self_attn.linear_out.bias,2783,49,139149,4.746453487314284e-05,0.00043774163350462914,4.746453487314284e-05,0.001292550005018711,0.0002874053316190839,0,False,0.0,0,0
imf,grad_norm/grad_2.0_norm/decoder.encoder.encoders.1.self_attn.linear_pos.weight,2783,49,139149,0.00045035642688162625,0.001575615955516696,0.00018142626504413784,0.007400950882583857,0.0012822028947994113,0,False,0.0,0,0
imf,grad_norm/grad_2.0_norm/decoder.encoder.encoders.1.feed_forward.w_1.weight,2783,49,139149,0.00020522756676655263,0.00582516985014081,0.00017519836546853185,0.008256535045802593,0.002150396117940545,0,False,0.0,0,0
imf,grad_norm/grad_2.0_norm/decoder.encoder.encoders.1.feed_forward.w_1.bias,2783,49,139149,2.1465899408212863e-05,0.0005646887584589422,1.8524911865824834e-05,0.0009424415766261518,0.0002617319696582854,0,False,0.0,0,0
imf,grad_norm/grad_2.0_norm/decoder.encoder.encoders.1.feed_forward.w_2.weight,2783,49,139149,0.00014543956785928458,0.004596216604113579,0.00011963823635596782,0.007055012509226799,0.0012357935775071383,0,False,0.0,0,0
imf,grad_norm/grad_2.0_norm/decoder.encoder.encoders.1.feed_forward.w_2.bias,2783,49,139149,4.682621147367172e-05,0.0004941694787703454,4.682621147367172e-05,0.0013703799340873957,0.00029103070846758783,0,False,0.0,0,0
imf,grad_norm/grad_2.0_norm/decoder.encoder.encoders.1.norm_ff.weight,2783,49,139149,6.908162322361022e-05,0.0011691141407936811,4.4824613723903894e-05,0.0019553021993488073,0.0004444672376848757,0,False,0.0,0,0
imf,grad_norm/grad_2.0_norm/decoder.encoder.encoders.1.norm_ff.bias,2783,49,139149,6.185915117384866e-05,0.002331620082259178,5.196775236981921e-05,0.003698798594996333,0.0009729691664688289,0,False,0.0,0,0
imf,grad_norm/grad_2.0_norm/decoder.encoder.encoders.1.norm_mha.weight,2783,49,139149,0.00010705430759117007,0.001413031597621739,5.9451998822623864e-05,0.006667588371783495,0.0007601533434353769,0,False,0.0,0,0
imf,grad_norm/grad_2.0_norm/decoder.encoder.encoders.1.norm_mha.bias,2783,49,139149,0.0002763891243375838,0.003670005826279521,0.00012838910333812237,0.01984860561788082,0.0025097408797591925,0,False,0.0,0,0
imf,grad_norm/grad_2.0_norm/decoder.encoder.encoders.2.self_attn.pos_bias_u,2783,49,139149,1.3912578651797958e-05,0.0003169736301060766,1.2308360965107568e-05,0.0005910717882215977,0.00016864025383256376,0,False,0.0,0,0
imf,grad_norm/grad_2.0_norm/decoder.encoder.encoders.2.self_attn.pos_bias_v,2783,49,139149,5.911011976422742e-05,0.00024389548343606293,1.0375604688306339e-05,0.0006233727326616645,0.0001742766471579671,0,False,0.0,0,0
imf,grad_norm/grad_2.0_norm/decoder.encoder.encoders.2.self_attn.linear_q.weight,2783,49,139149,0.0005554609233513474,0.0030893669463694096,0.00020711794786620885,0.0061198812909424305,0.001955700572580099,0,False,0.0,0,0
imf,grad_norm/grad_2.0_norm/decoder.encoder.encoders.2.self_attn.linear_q.bias,2783,49,139149,5.60286789550446e-05,0.000431589491199702,2.0394883904373273e-05,0.0007531404844485223,0.0002326528774574399,0,False,0.0,0,0
imf,grad_norm/grad_2.0_norm/decoder.encoder.encoders.2.self_attn.linear_k.weight,2783,49,139149,0.0002675665891729295,0.002366483910009265,0.000175073990249075,0.004578469321131706,0.0010829565580934286,0,False,0.0,0,0
imf,grad_norm/grad_2.0_norm/decoder.encoder.encoders.2.self_attn.linear_k.bias,2783,49,139149,9.662480238148419e-08,7.168385423028667e-07,7.632543486124632e-08,1.1778429325204343e-06,3.252100384543155e-07,0,False,0.0,0,0
imf,grad_norm/grad_2.0_norm/decoder.encoder.encoders.2.self_attn.linear_v.weight,2783,49,139149,0.0006977918674238026,0.005098061170428991,0.0006977918674238026,0.015975411981344223,0.004115002229809761,0,False,0.0,0,0
imf,grad_norm/grad_2.0_norm/decoder.encoder.encoders.2.self_attn.linear_v.bias,2783,49,139149,7.000280311331153e-05,0.0009720796369947493,7.000280311331153e-05,0.0020923903211951256,0.0005533930379897356,0,False,0.0,0,0
imf,grad_norm/grad_2.0_norm/decoder.encoder.encoders.2.self_attn.linear_out.weight,2783,49,139149,0.0002489924372639507,0.0031940273474901915,0.0002489924372639507,0.004965563304722309,0.0012614717707037926,0,False,0.0,0,0
imf,grad_norm/grad_2.0_norm/decoder.encoder.encoders.2.self_attn.linear_out.bias,2783,49,139149,4.7482615627814084e-05,0.00038701968151144683,4.7482615627814084e-05,0.0013206666335463524,0.0002823496179189533,0,False,0.0,0,0
imf,grad_norm/grad_2.0_norm/decoder.encoder.encoders.2.self_attn.linear_pos.weight,2783,49,139149,0.00046912571997381747,0.0014845251571387053,0.00019053144205827266,0.0030208465177565813,0.0008365226676687598,0,False,0.0,0,0
imf,grad_norm/grad_2.0_norm/decoder.encoder.encoders.2.feed_forward.w_1.weight,2783,49,139149,0.00022506398090627044,0.005212037358433008,0.0001819777680793777,0.009463440626859665,0.0022795081604272127,0,False,0.0,0,0
imf,grad_norm/grad_2.0_norm/decoder.encoder.encoders.2.feed_forward.w_1.bias,2783,49,139149,2.3526925360783935e-05,0.00044812686974182725,1.925484866660554e-05,0.0010556851048022509,0.00027653947472572327,0,False,0.0,0,0
imf,grad_norm/grad_2.0_norm/decoder.encoder.encoders.2.feed_forward.w_2.weight,2783,49,139149,0.0001410479162586853,0.004385205451399088,0.00011361399810994044,0.007166385650634766,0.0012526370119303465,0,False,0.0,0,0
imf,grad_norm/grad_2.0_norm/decoder.encoder.encoders.2.feed_forward.w_2.bias,2783,49,139149,4.651273411582224e-05,0.0003942439507227391,4.651273411582224e-05,0.0013753361999988556,0.0002886675647459924,0,False,0.0,0,0
imf,grad_norm/grad_2.0_norm/decoder.encoder.encoders.2.norm_ff.weight,2783,49,139149,7.73910287534818e-05,0.0007877366151660681,4.250343408784829e-05,0.0018053784733638167,0.0004625678702723235,0,False,0.0,0,0
imf,grad_norm/grad_2.0_norm/decoder.encoder.encoders.2.norm_ff.bias,2783,49,139149,7.246219320222735e-05,0.0012479107826948166,5.616449561784975e-05,0.004507634788751602,0.00102786545176059,0,False,0.0,0,0
imf,grad_norm/grad_2.0_norm/decoder.encoder.encoders.2.norm_mha.weight,2783,49,139149,0.00011820786312455311,0.00123707321472466,0.00011820786312455311,0.002187125151976943,0.0005713746068067849,0,False,0.0,0,0
imf,grad_norm/grad_2.0_norm/decoder.encoder.encoders.2.norm_mha.bias,2783,49,139149,0.00023876641353126615,0.004602215718477964,0.00023876641353126615,0.00854932889342308,0.002101783873513341,0,False,0.0,0,0
imf,grad_norm/grad_2.0_norm/decoder.encoder.encoders.3.self_attn.pos_bias_u,2783,49,139149,1.1835091754619498e-05,0.0003026966587640345,1.1835091754619498e-05,0.002579763764515519,0.00032024949905462563,0,False,0.0,0,0
imf,grad_norm/grad_2.0_norm/decoder.encoder.encoders.3.self_attn.pos_bias_v,2783,49,139149,2.6135721782338805e-05,0.000350886577507481,1.662435352045577e-05,0.0011932934867218137,0.0002059480466414243,0,False,0.0,0,0
imf,grad_norm/grad_2.0_norm/decoder.encoder.encoders.3.self_attn.linear_q.weight,2783,49,139149,0.00032129031023941934,0.003071740036830306,0.00028186512645334005,0.022249463945627213,0.002941892482340336,0,False,0.0,0,0
imf,grad_norm/grad_2.0_norm/decoder.encoder.encoders.3.self_attn.linear_q.bias,2783,49,139149,3.1299849069910124e-05,0.0003681348462123424,2.7765245249611326e-05,0.002533392049372196,0.0003607370308600366,0,False,0.0,0,0
imf,grad_norm/grad_2.0_norm/decoder.encoder.encoders.3.self_attn.linear_k.weight,2783,49,139149,0.00021782271505799145,0.002153299516066909,0.00016001079347915947,0.017540138214826584,0.0019585418049246073,0,False,0.0,0,0
imf,grad_norm/grad_2.0_norm/decoder.encoder.encoders.3.self_attn.linear_k.bias,2783,49,139149,5.377171063969399e-08,4.917396267956065e-07,5.377171063969399e-08,1.9887131657014834e-06,2.9469833862094674e-07,0,False,0.0,0,0
imf,grad_norm/grad_2.0_norm/decoder.encoder.encoders.3.self_attn.linear_v.weight,2783,49,139149,0.00047562862164340913,0.004867582581937313,0.00047562862164340913,0.02761155366897583,0.0046103838831186295,0,False,0.0,0,0
imf,grad_norm/grad_2.0_norm/decoder.encoder.encoders.3.self_attn.linear_v.bias,2783,49,139149,4.665655069402419e-05,0.0007823611958883703,4.665655069402419e-05,0.0031899954192340374,0.0005915849469602108,0,False,0.0,0,0
imf,grad_norm/grad_2.0_norm/decoder.encoder.encoders.3.self_attn.linear_out.weight,2783,49,139149,0.0002646891225595027,0.0024588098749518394,0.00024247101100627333,0.007803298532962799,0.0015544118359684944,0,False,0.0,0,0
imf,grad_norm/grad_2.0_norm/decoder.encoder.encoders.3.self_attn.linear_out.bias,2783,49,139149,4.682766302721575e-05,0.0003737094812095165,4.682766302721575e-05,0.001299907686188817,0.0002805535332299769,0,False,0.0,0,0
imf,grad_norm/grad_2.0_norm/decoder.encoder.encoders.3.self_attn.linear_pos.weight,2783,49,139149,0.0002616136334836483,0.0016100010834634304,0.00020439601212274283,0.007811521179974079,0.001209681504406035,0,False,0.0,0,0
imf,grad_norm/grad_2.0_norm/decoder.encoder.encoders.3.feed_forward.w_1.weight,2783,49,139149,0.00022879388416185975,0.005138658452779055,0.00018351440667174757,0.010481168515980244,0.0023504658602178097,0,False,0.0,0,0
imf,grad_norm/grad_2.0_norm/decoder.encoder.encoders.3.feed_forward.w_1.bias,2783,49,139149,2.393100476183463e-05,0.00047229957999661565,1.939939465955831e-05,0.0012344099814072251,0.00028285678126849234,0,False,0.0,0,0
imf,grad_norm/grad_2.0_norm/decoder.encoder.encoders.3.feed_forward.w_2.weight,2783,49,139149,0.00013744615716859698,0.004221556708216667,0.00010923064837697893,0.007175777107477188,0.0012082450557500124,0,False,0.0,0,0
imf,grad_norm/grad_2.0_norm/decoder.encoder.encoders.3.feed_forward.w_2.bias,2783,49,139149,4.6935896534705535e-05,0.0003953449777327478,4.6935896534705535e-05,0.001450152019970119,0.0002874695637729019,0,False,0.0,0,0
imf,grad_norm/grad_2.0_norm/decoder.encoder.encoders.3.norm_ff.weight,2783,49,139149,7.638757961103693e-05,0.001361266360618174,4.857589374296367e-05,0.003534714924171567,0.0005020431126467884,0,False,0.0,0,0
imf,grad_norm/grad_2.0_norm/decoder.encoder.encoders.3.norm_ff.bias,2783,49,139149,7.552649185527116e-05,0.001280204625800252,5.8611130953067914e-05,0.00600995309650898,0.0010739548597484827,0,False,0.0,0,0
imf,grad_norm/grad_2.0_norm/decoder.encoder.encoders.3.norm_mha.weight,2783,49,139149,8.255171269411221e-05,0.0009473611135035753,8.255171269411221e-05,0.004898181185126305,0.0007994479965418577,0,False,0.0,0,0
imf,grad_norm/grad_2.0_norm/decoder.encoder.encoders.3.norm_mha.bias,2783,49,139149,0.00017518301319796592,0.0030678214970976114,0.00017518301319796592,0.013766986317932606,0.0024349919985979795,0,False,0.0,0,0
imf,grad_norm/grad_2.0_norm/decoder.encoder.encoders.4.self_attn.pos_bias_u,2783,49,139149,3.144609581795521e-05,0.0005511192139238119,1.8568953237263486e-05,0.0016627400182187557,0.0003183150547556579,0,False,0.0,0,0
imf,grad_norm/grad_2.0_norm/decoder.encoder.encoders.4.self_attn.pos_bias_v,2783,49,139149,3.279732845840044e-05,0.000698766321875155,1.9708930267370306e-05,0.001337203080765903,0.00025631324388086796,0,False,0.0,0,0
imf,grad_norm/grad_2.0_norm/decoder.encoder.encoders.4.self_attn.linear_q.weight,2783,49,139149,0.0004724969912786037,0.00574446702376008,0.00022997110500000417,0.012414121069014072,0.003462741617113352,0,False,0.0,0,0
imf,grad_norm/grad_2.0_norm/decoder.encoder.encoders.4.self_attn.linear_q.bias,2783,49,139149,4.563269249047153e-05,0.0007691975333727896,2.16036569327116e-05,0.0017552956705912948,0.00040560562047176063,0,False,0.0,0,0
imf,grad_norm/grad_2.0_norm/decoder.encoder.encoders.4.self_attn.linear_k.weight,2783,49,139149,0.00028470903635025024,0.0038754495326429605,0.0001856659073382616,0.0074972594156861305,0.0019390624947845936,0,False,0.0,0,0
imf,grad_norm/grad_2.0_norm/decoder.encoder.encoders.4.self_attn.linear_k.bias,2783,49,139149,5.985107520700694e-08,9.183451652461372e-07,4.114140139677147e-08,1.298607571698085e-06,4.09778067478328e-07,0,False,0.0,0,0
imf,grad_norm/grad_2.0_norm/decoder.encoder.encoders.4.self_attn.linear_v.weight,2783,49,139149,0.0006299856468103826,0.006422717589884996,0.0006299856468103826,0.024263933300971985,0.006179732270538807,0,False,0.0,0,0
imf,grad_norm/grad_2.0_norm/decoder.encoder.encoders.4.self_attn.linear_v.bias,2783,49,139149,6.318018131423742e-05,0.0010352603858336806,6.318018131423742e-05,0.0033436641097068787,0.000801095855422318,0,False,0.0,0,0
imf,grad_norm/grad_2.0_norm/decoder.encoder.encoders.4.self_attn.linear_out.weight,2783,49,139149,0.00024761134409345686,0.002795865759253502,0.00023394476738758385,0.0061897155828773975,0.0015275784535333514,0,False,0.0,0,0
imf,grad_norm/grad_2.0_norm/decoder.encoder.encoders.4.self_attn.linear_out.bias,2783,49,139149,4.658364559873007e-05,0.000347841385519132,4.658364559873007e-05,0.0012943582842126489,0.00029414898017421365,0,False,0.0,0,0
imf,grad_norm/grad_2.0_norm/decoder.encoder.encoders.4.self_attn.linear_pos.weight,2783,49,139149,0.0003428727213758975,0.0030615697614848614,0.00019437582523096353,0.00683442410081625,0.001501919236034155,0,False,0.0,0,0
imf,grad_norm/grad_2.0_norm/decoder.encoder.encoders.4.feed_forward.w_1.weight,2783,49,139149,0.00023512606276199222,0.0049555301666259766,0.0001946219417732209,0.010603002272546291,0.002730652689933777,0,False,0.0,0,0
imf,grad_norm/grad_2.0_norm/decoder.encoder.encoders.4.feed_forward.w_1.bias,2783,49,139149,2.4512237359886058e-05,0.0004729601787403226,2.0518802557489835e-05,0.0013279939303174615,0.000329422065988183,0,False,0.0,0,0
imf,grad_norm/grad_2.0_norm/decoder.encoder.encoders.4.feed_forward.w_2.weight,2783,49,139149,0.00014523467689286917,0.0038908126298338175,0.00011425092088757083,0.006536496337503195,0.0012143534841015935,0,False,0.0,0,0
imf,grad_norm/grad_2.0_norm/decoder.encoder.encoders.4.feed_forward.w_2.bias,2783,49,139149,4.731547960545868e-05,0.0003518973826430738,4.731547960545868e-05,0.001381809008307755,0.0003037467831745744,0,False,0.0,0,0
imf,grad_norm/grad_2.0_norm/decoder.encoder.encoders.4.norm_ff.weight,2783,49,139149,7.70109545555897e-05,0.0014931072946637869,5.4679996537743136e-05,0.0037523088976740837,0.0006027317722328007,0,False,0.0,0,0
imf,grad_norm/grad_2.0_norm/decoder.encoder.encoders.4.norm_ff.bias,2783,49,139149,7.719158747931942e-05,0.001584251644089818,6.139746983535588e-05,0.006546487100422382,0.0014000266091898084,0,False,0.0,0,0
imf,grad_norm/grad_2.0_norm/decoder.encoder.encoders.4.norm_mha.weight,2783,49,139149,9.68211970757693e-05,0.0015302792889997363,9.68211970757693e-05,0.005597198382019997,0.0009433993836864829,0,False,0.0,0,0
imf,grad_norm/grad_2.0_norm/decoder.encoder.encoders.4.norm_mha.bias,2783,49,139149,0.00029201264260336757,0.0038375582080334425,0.00029021274531260133,0.01664978824555874,0.003147877287119627,0,False,0.0,0,0
imf,grad_norm/grad_2.0_norm/decoder.encoder.encoders.5.self_attn.pos_bias_u,2783,49,139149,1.2150373549957294e-05,0.0003104102215729654,1.2150373549957294e-05,0.0018179238541051745,0.00019138983043376356,0,False,0.0,0,0
imf,grad_norm/grad_2.0_norm/decoder.encoder.encoders.5.self_attn.pos_bias_v,2783,49,139149,2.3908256480353884e-05,0.0002773859887383878,1.3155115084373392e-05,0.0022939902264624834,0.00023943027190398425,0,False,0.0,0,0
imf,grad_norm/grad_2.0_norm/decoder.encoder.encoders.5.self_attn.linear_q.weight,2783,49,139149,0.000275321799563244,0.002784169279038906,0.000275321799563244,0.01905820704996586,0.002509583253413439,0,False,0.0,0,0
imf,grad_norm/grad_2.0_norm/decoder.encoder.encoders.5.self_attn.linear_q.bias,2783,49,139149,2.75115580734564e-05,0.00039143336471170187,2.75115580734564e-05,0.0024343091063201427,0.00032522130641154945,0,False,0.0,0,0
imf,grad_norm/grad_2.0_norm/decoder.encoder.encoders.5.self_attn.linear_k.weight,2783,49,139149,0.0004948946880176663,0.001916065695695579,0.0003483323671389371,0.008618220686912537,0.0012512026587501168,0,False,0.0,0,0
imf,grad_norm/grad_2.0_norm/decoder.encoder.encoders.5.self_attn.linear_k.bias,2783,49,139149,1.293754614550835e-08,3.9092793713280116e-07,1.293754614550835e-08,7.872712899370526e-07,2.3522218839389097e-07,0,False,0.0,0,0
imf,grad_norm/grad_2.0_norm/decoder.encoder.encoders.5.self_attn.linear_v.weight,2783,49,139149,0.000531091180164367,0.0036984288599342108,0.000531091180164367,0.01923772320151329,0.004161921329796314,0,False,0.0,0,0
imf,grad_norm/grad_2.0_norm/decoder.encoder.encoders.5.self_attn.linear_v.bias,2783,49,139149,5.563602826441638e-05,0.0007158326916396618,5.563602826441638e-05,0.003489134134724736,0.0005792600568383932,0,False,0.0,0,0
imf,grad_norm/grad_2.0_norm/decoder.encoder.encoders.5.self_attn.linear_out.weight,2783,49,139149,0.000228547680308111,0.001644439180381596,0.000228547680308111,0.004754886031150818,0.0011617491254583001,0,False,0.0,0,0
imf,grad_norm/grad_2.0_norm/decoder.encoder.encoders.5.self_attn.linear_out.bias,2783,49,139149,4.6384400775423273e-05,0.0003333351050969213,4.6384400775423273e-05,0.0013401421019807458,0.0002922039129771292,0,False,0.0,0,0
imf,grad_norm/grad_2.0_norm/decoder.encoder.encoders.5.self_attn.linear_pos.weight,2783,49,139149,0.0001488653797423467,0.0016020230250433087,0.0001299328141612932,0.010052102617919445,0.0014331762213259935,0,False,0.0,0,0
imf,grad_norm/grad_2.0_norm/decoder.encoder.encoders.5.feed_forward.w_1.weight,2783,49,139149,0.0002367659326409921,0.005472157616168261,0.00018682284280657768,0.012888679280877113,0.003014113288372755,0,False,0.0,0,0
imf,grad_norm/grad_2.0_norm/decoder.encoder.encoders.5.feed_forward.w_1.bias,2783,49,139149,2.4696557375136763e-05,0.0005655912100337446,1.969767254195176e-05,0.0016470535192638636,0.00036039005499333143,0,False,0.0,0,0
imf,grad_norm/grad_2.0_norm/decoder.encoder.encoders.5.feed_forward.w_2.weight,2783,49,139149,0.00013968606072012335,0.0037535345181822777,0.00010883987852139398,0.0062845628708601,0.0012776569928973913,0,False,0.0,0,0
imf,grad_norm/grad_2.0_norm/decoder.encoder.encoders.5.feed_forward.w_2.bias,2783,49,139149,4.718539275927469e-05,0.0003539572935551405,4.718539275927469e-05,0.0014682512264698744,0.0003041934105567634,0,False,0.0,0,0
imf,grad_norm/grad_2.0_norm/decoder.encoder.encoders.5.norm_ff.weight,2783,49,139149,7.791793177602813e-05,0.0023799764458090067,4.575139973894693e-05,0.004839735571295023,0.0007275313255377114,0,False,0.0,0,0
imf,grad_norm/grad_2.0_norm/decoder.encoder.encoders.5.norm_ff.bias,2783,49,139149,7.895787712186575e-05,0.0027401656843721867,5.654283449985087e-05,0.009004632942378521,0.0016770011279731989,0,False,0.0,0,0
imf,grad_norm/grad_2.0_norm/decoder.encoder.encoders.5.norm_mha.weight,2783,49,139149,7.399712194455788e-05,0.0009817868703976274,7.399712194455788e-05,0.003673490835353732,0.0007460218039341271,0,False,0.0,0,0
imf,grad_norm/grad_2.0_norm/decoder.encoder.encoders.5.norm_mha.bias,2783,49,139149,0.0002749516861513257,0.003294521477073431,0.00013734940148424357,0.019027555361390114,0.0026952424086630344,0,False,0.0,0,0
imf,grad_norm/grad_2.0_norm_total,2783,49,139149,1.353272557258606,1.0718188285827637,0.7497090101242065,5.126352787017822,1.3073517084121704,0,False,0.0,0,0
imf,imf/train_u_mse_epoch,409,339,139059,0.9011262655258179,0.4272150993347168,0.32449308037757874,4.59968376159668,0.5188841223716736,0,False,0.0,0,0
imf,imf/train_v_mse_epoch,409,339,139059,0.14500541985034943,0.08454681187868118,0.08415890485048294,0.14500541985034943,0.08775471895933151,0,False,0.0,0,0
imf,imf/train_u_weighted_epoch,409,339,139059,0.9999998807907104,0.9999991655349731,0.999998927116394,0.9999998807907104,0.9999994039535522,0,False,0.0,0,0
imf,imf/train_v_weighted_epoch,409,339,139059,0.9999996423721313,0.9999983906745911,0.999997079372406,0.9999996423721313,0.9999985694885254,0,False,0.0,0,0
imf,imf/train_jvp_rms_epoch,409,339,139059,4.618052005767822,2.646139621734619,2.422974109649658,11.035387992858887,3.207343339920044,0,False,0.0,0,0
imf,imf/train_fm_fraction_epoch,409,339,139059,0.5,0.5,0.5,0.5,0.5,0,True,0.0,0,0
imf,sub_loss/train_dur_loss_epoch,409,339,139059,0.2616041600704193,0.17894861102104187,0.1785617619752884,0.2616041600704193,0.18028220534324646,0,False,0.0,0,0
imf,sub_loss/train_prior_loss_epoch,409,339,139059,0.981549859046936,0.9677098989486694,0.9677016735076904,0.981549859046936,0.968070924282074,0,False,0.0,0,0
imf,sub_loss/train_diff_loss_epoch,409,339,139059,1.9999995231628418,1.999997615814209,1.999996542930603,1.9999995231628418,1.9999979734420776,0,False,0.0,0,0
imf,mas_duration/train_zero_ratio_epoch,409,339,139059,0.0,0.0,0.0,0.0,0.0,0,True,1.0,0,0
imf,mas_duration/train_one_ratio_epoch,409,339,139059,0.061903104186058044,0.055341146886348724,0.054153136909008026,0.061903104186058044,0.05542747303843498,0,False,0.0,0,0
imf,mas_duration/train_le2_ratio_epoch,409,339,139059,0.37905675172805786,0.3576734662055969,0.35448136925697327,0.37905675172805786,0.3574340343475342,0,False,0.0,0,0
imf,mas_duration/train_speech_zero_ratio_epoch,409,339,139059,0.0,0.0,0.0,0.0,0.0,0,True,1.0,0,0
imf,mas_duration/train_speech_one_ratio_epoch,409,339,139059,0.01945987157523632,0.016466936096549034,0.015695901587605476,0.01945987157523632,0.016246000304818153,0,False,0.0,0,0
imf,mas_duration/train_speech_le2_ratio_epoch,409,339,139059,0.36120373010635376,0.34082335233688354,0.3361910879611969,0.36120373010635376,0.3404218852519989,0,False,0.0,0,0
imf,mas_duration/train_separator_zero_ratio_epoch,409,339,139059,0.0,0.0,0.0,0.0,0.0,0,True,1.0,0,0
imf,mas_duration/train_separator_one_ratio_epoch,409,339,139059,0.35799548029899597,0.32447388768196106,0.31745392084121704,0.35799548029899597,0.32664185762405396,0,False,0.0,0,0
imf,mas_duration/train_separator_ge3_ratio_epoch,409,339,139059,0.4993949234485626,0.5288373231887817,0.4993949234485626,0.5358981490135193,0.5264532566070557,0,False,0.0,0,0
imf,mas_duration/train_separator_ge5_ratio_epoch,409,339,139059,0.2960660457611084,0.31742069125175476,0.2960660457611084,0.32185545563697815,0.31545349955558777,0,False,0.0,0,0
imf,mas_duration/train_word_separator_ge3_ratio_epoch,409,339,139059,0.4993949234485626,0.5288373231887817,0.4993949234485626,0.5358981490135193,0.5264532566070557,0,False,0.0,0,0
imf,mas_duration/train_word_separator_ge5_ratio_epoch,409,339,139059,0.2960660457611084,0.31742069125175476,0.2960660457611084,0.32185545563697815,0.31545349955558777,0,False,0.0,0,0
imf,mas_duration/train_blank_zero_ratio_epoch,409,339,139059,0.0,0.0,0.0,0.0,0.0,0,True,1.0,0,0
imf,mas_duration/train_blank_one_ratio_epoch,409,339,139059,0.0,0.0,0.0,0.0,0.0,0,True,1.0,0,0
imf,mas_duration/train_mean_epoch,409,339,139059,4.259424686431885,4.259479522705078,4.259307384490967,4.26084566116333,4.259492874145508,0,False,0.0,0,0
imf,mas_duration/train_speech_mean_epoch,409,339,139059,4.230085372924805,4.188018321990967,4.178881645202637,4.230085372924805,4.193861961364746,0,False,0.0,0,0
imf,mas_duration/train_separator_mean_epoch,409,339,139059,4.539342880249023,4.813690185546875,4.539342880249023,4.871321201324463,4.773310661315918,0,False,0.0,0,0
imf,mas_duration/train_word_separator_mean_epoch,409,339,139059,4.539342880249023,4.813690185546875,4.539342880249023,4.871321201324463,4.773310661315918,0,False,0.0,0,0
imf,mas_duration/train_min_epoch,409,339,139059,1.0,1.0,1.0,1.0,1.0,0,True,0.0,0,0
imf,mas_duration/train_speech_min_epoch,409,339,139059,1.0,1.0,1.0,1.0,1.0,0,True,0.0,0,0
imf,mas_duration/train_separator_max_epoch,409,339,139059,34.37058639526367,34.882354736328125,34.37058639526367,35.77206039428711,34.93970489501953,0,False,0.0,0,0
imf,mas_duration/train_word_separator_max_epoch,409,339,139059,34.37058639526367,34.882354736328125,34.37058639526367,35.77206039428711,34.93970489501953,0,False,0.0,0,0
imf,mas_duration/train_mel_per_token_mean_epoch,409,339,139059,4.306353569030762,4.306350231170654,4.306342124938965,4.306479454040527,4.306357383728027,0,False,0.0,0,0
imf,mas_duration/train_mel_per_token_min_epoch,409,339,139059,3.4211931228637695,3.4203920364379883,3.4141743183135986,3.4256863594055176,3.4201083183288574,0,False,0.0,0,0
imf,mas_duration/train_mel_per_speech_token_mean_epoch,409,339,139059,4.999300003051758,4.999308109283447,4.999288558959961,5.004664897918701,4.9993085861206055,0,False,0.0,0,0
imf,mas_duration/train_mel_per_speech_token_min_epoch,409,339,139059,3.693816900253296,3.691960334777832,3.683037281036377,3.697718858718872,3.6915016174316406,0,False,0.0,0,0
imf,mas_duration/train_sample_mel_per_token_lt1_ratio_epoch,409,339,139059,0.0,0.0,0.0,0.0,0.0,0,True,1.0,0,0
imf,mas_duration/train_sample_mel_per_token_lt1_5_ratio_epoch,409,339,139059,0.0,0.0,0.0,0.0,0.0,0,True,1.0,0,0
imf,duration_mask/train_masked_token_ratio_epoch,409,339,139059,0.0,0.0,0.0,0.0,0.0,0,True,1.0,0,0
imf,duration_mask/train_masked_short_token_ratio_epoch,409,339,139059,0.0,0.0,0.0,0.0,0.0,0,True,1.0,0,0
imf,duration_mask/train_masked_long_token_ratio_epoch,409,339,139059,0.0,0.0,0.0,0.0,0.0,0,True,1.0,0,0
imf,duration_mask/train_arpa_masked_token_ratio_epoch,409,339,139059,0.0,0.0,0.0,0.0,0.0,0,True,1.0,0,0
imf,duration_mask/train_arpa_masked_short_token_ratio_epoch,409,339,139059,0.0,0.0,0.0,0.0,0.0,0,True,1.0,0,0
imf,duration_mask/train_arpa_masked_long_token_ratio_epoch,409,339,139059,0.0,0.0,0.0,0.0,0.0,0,True,1.0,0,0
imf,duration_mask/train_zh_masked_token_ratio_epoch,409,339,139059,0.0,0.0,0.0,0.0,0.0,0,True,1.0,0,0
imf,duration_mask/train_zh_masked_short_token_ratio_epoch,409,339,139059,0.0,0.0,0.0,0.0,0.0,0,True,1.0,0,0
imf,duration_mask/train_zh_masked_long_token_ratio_epoch,409,339,139059,0.0,0.0,0.0,0.0,0.0,0,True,1.0,0,0
imf,duration_mask/train_constrained_score_gap_per_frame_mean_epoch,409,339,139059,0.24376918375492096,0.16424594819545746,0.16273732483386993,0.24376918375492096,0.16699743270874023,0,False,0.0,0,0
imf,duration_mask/train_constrained_score_gap_per_frame_max_epoch,409,339,139059,1.3809432983398438,1.0537245273590088,1.0427439212799072,1.3809432983398438,1.1055779457092285,0,False,0.0,0,0
imf,duration_mask/train_floor_rescaled_sample_ratio_epoch,409,339,139059,0.0,0.0,0.0,0.0,0.0,0,True,1.0,0,0
imf,duration_mask/train_ceiling_rescaled_sample_ratio_epoch,409,339,139059,0.0,0.0,0.0,0.0,0.0,0,True,1.0,0,0
imf,duration_mask/train_ceiling_binding_token_ratio_epoch,409,339,139059,0.08462542295455933,0.08328037708997726,0.08148758858442307,0.08462542295455933,0.08304475992918015,0,False,0.0,0,0
imf,duration_mask/train_infeasible_sample_ratio_epoch,409,339,139059,0.0,0.0,0.0,0.0,0.0,0,True,1.0,0,0
imf,duration_mask/train_floor_binding_token_ratio_epoch,409,339,139059,0.4245069622993469,0.4024330973625183,0.3983524441719055,0.4245069622993469,0.4020349979400635,0,False,0.0,0,0
imf,duration_mask/train_sil_target_mean_frames_epoch,409,339,139059,7.1120710372924805,7.389797687530518,7.1120710372924805,7.454932689666748,7.410447120666504,0,False,0.0,0,0
imf,loss/train_epoch,409,339,139059,3.243150472640991,3.1466524600982666,3.146320343017578,3.243150472640991,3.1483118534088135,0,False,0.0,0,0
imf,learning_rate/prior_encoder_epoch,409,339,139059,7.603500853292644e-05,0.0002761958457995206,7.603500853292644e-05,0.0003000000724568963,0.0003000000724568963,0,False,0.0,0,0
imf,learning_rate/duration_predictor_epoch,409,339,139059,7.603500853292644e-05,0.0002761958457995206,7.603500853292644e-05,0.0003000000724568963,0.0003000000724568963,0,False,0.0,0,0
imf,learning_rate/spk_emb_epoch,409,339,139059,7.603500853292644e-05,0.0002761958457995206,7.603500853292644e-05,0.0003000000724568963,0.0003000000724568963,0,False,0.0,0,0
imf,learning_rate/decoder_epoch,409,339,139059,7.603500853292644e-05,0.0002761958457995206,7.603500853292644e-05,0.0003000000724568963,0.0003000000724568963,0,False,0.0,0,0
imf,learning_rate/lr_epoch,409,339,139059,7.603500853292644e-05,0.0002761958457995206,7.603500853292644e-05,0.0003000000724568963,0.0003000000724568963,0,False,0.0,0,0
imf,epoch,547,339,139059,0.0,408.0,0.0,408.0,205.0,0,False,0.0018281535648994515,8,0
imf,imf/val_u_mse_step,1385,0,1149,4.568222522735596,0.31637540459632874,0.15195024013519287,5.512232303619385,0.48209887742996216,0,False,0.0,235,1
imf,imf/val_v_mse_step,1385,0,1149,0.14510667324066162,0.07616955786943436,0.06529472768306732,0.15748965740203857,0.09198126196861267,0,False,0.0,235,1
imf,imf/val_u_weighted_step,1385,0,1149,0.9999989867210388,0.9999975562095642,0.9999969601631165,0.9999990463256836,0.9999978542327881,0,False,0.0,235,1
imf,imf/val_v_weighted_step,1385,0,1149,0.9999979734420776,0.9999964237213135,0.9999957084655762,0.9999979734420776,0.9999966621398926,0,False,0.0,235,1
imf,imf/val_jvp_rms_step,1385,0,1149,10.654364585876465,2.135486602783203,1.8658535480499268,11.36585807800293,3.2116498947143555,0,False,0.0,235,1
imf,imf/val_fm_fraction_step,1385,0,1149,0.5,0.5,0.5,0.5,0.5,0,True,0.0,235,1
imf,sub_loss/val_dur_loss_step,1385,0,1149,0.2851565480232239,0.1636398732662201,0.1391974687576294,0.3019234240055084,0.22833141684532166,0,False,0.0,235,1
imf,sub_loss/val_prior_loss_step,1385,0,1149,0.972913384437561,0.9677420854568481,0.9657690525054932,0.9749753475189209,0.9696305990219116,0,False,0.0,235,1
imf,sub_loss/val_diff_loss_step,1385,0,1149,1.9999969005584717,1.9999940395355225,1.9999926090240479,1.9999970197677612,1.9999945163726807,0,False,0.0,235,1
imf,mas_duration/val_zero_ratio_step,1385,0,1149,0.0,0.0,0.0,0.0,0.0,0,True,1.0,235,1
imf,mas_duration/val_one_ratio_step,1385,0,1149,0.0892273560166359,0.037849754095077515,0.026426153257489204,0.10705813765525818,0.07658843696117401,0,False,0.0,235,1
imf,mas_duration/val_le2_ratio_step,1385,0,1149,0.33729493618011475,0.4045160412788391,0.2997664511203766,0.41126471757888794,0.35989972949028015,0,False,0.0,235,1
imf,mas_duration/val_speech_zero_ratio_step,1385,0,1149,0.0,0.0,0.0,0.0,0.0,0,True,1.0,235,1
imf,mas_duration/val_speech_one_ratio_step,1385,0,1149,0.02256457693874836,0.01963154971599579,0.01189815066754818,0.024257425218820572,0.018898915499448776,0,False,0.0,235,1
imf,mas_duration/val_speech_le2_ratio_step,1385,0,1149,0.3020029664039612,0.40258824825286865,0.25957369804382324,0.40617191791534424,0.32443681359291077,0,False,0.0,235,1
imf,mas_duration/val_separator_zero_ratio_step,1385,0,1149,0.0,0.0,0.0,0.0,0.0,0,True,1.0,235,1
imf,mas_duration/val_separator_one_ratio_step,1385,0,1149,0.3485949635505676,0.32983991503715515,0.25841644406318665,0.426612913608551,0.345563143491745,0,False,0.0,235,1
imf,mas_duration/val_separator_ge3_ratio_step,1385,0,1149,0.524992048740387,0.5645812749862671,0.4388140141963959,0.6353791356086731,0.5200580954551697,0,False,0.0,235,1
imf,mas_duration/val_separator_ge5_ratio_step,1385,0,1149,0.29416292905807495,0.4301724135875702,0.2318231463432312,0.4709383547306061,0.3068522810935974,0,False,0.0,235,1
imf,mas_duration/val_word_separator_ge3_ratio_step,1385,0,1149,0.524992048740387,0.5645812749862671,0.4388140141963959,0.6353791356086731,0.5200580954551697,0,False,0.0,235,1
imf,mas_duration/val_word_separator_ge5_ratio_step,1385,0,1149,0.29416292905807495,0.4301724135875702,0.2318231463432312,0.4709383547306061,0.3068522810935974,0,False,0.0,235,1
imf,mas_duration/val_blank_zero_ratio_step,1385,0,1149,0.0,0.0,0.0,0.0,0.0,0,True,1.0,235,1
imf,mas_duration/val_blank_one_ratio_step,1385,0,1149,0.0,0.0,0.0,0.0,0.0,0,True,1.0,235,1
imf,mas_duration/val_mean_step,1385,0,1149,4.515810012817383,3.9699063301086426,3.9699063301086426,4.636715888977051,4.2894158363342285,0,False,0.0,235,1
imf,mas_duration/val_speech_mean_step,1385,0,1149,4.556950569152832,3.813028335571289,3.8029890060424805,4.738758087158203,4.341601371765137,0,False,0.0,235,1
imf,mas_duration/val_separator_mean_step,1385,0,1149,4.35689640045166,6.462229251861572,3.3977737426757812,7.104392051696777,4.563364028930664,0,False,0.0,235,1
imf,mas_duration/val_word_separator_mean_step,1385,0,1149,4.35689640045166,6.462229251861572,3.3977737426757812,7.104392051696777,4.563364028930664,0,False,0.0,235,1
imf,mas_duration/val_min_step,1385,0,1149,1.0,1.0,1.0,1.0,1.0,0,True,0.0,235,1
imf,mas_duration/val_speech_min_step,1385,0,1149,1.0,1.0,1.0,1.0,1.0,0,True,0.0,235,1
imf,mas_duration/val_separator_max_step,1385,0,1149,38.0,26.5,21.5,42.5,29.0,0,False,0.0,235,1
imf,mas_duration/val_word_separator_max_step,1385,0,1149,38.0,26.5,21.5,42.5,29.0,0,False,0.0,235,1
imf,mas_duration/val_mel_per_token_mean_step,1385,0,1149,4.530572891235352,4.037237167358398,4.037237167358398,4.672684192657471,4.3572001457214355,0,False,0.0,235,1
imf,mas_duration/val_mel_per_token_min_step,1385,0,1149,3.9721245765686035,3.4650352001190186,3.3991992473602295,3.9886932373046875,3.6058034896850586,0,False,0.0,235,1
imf,mas_duration/val_mel_per_speech_token_mean_step,1385,0,1149,5.691036701202393,4.277496337890625,4.277496337890625,5.844976425170898,5.449716091156006,0,False,0.0,235,1
imf,mas_duration/val_mel_per_speech_token_min_step,1385,0,1149,4.956266403198242,3.7162623405456543,3.630469799041748,4.956266403198242,4.076573848724365,0,False,0.0,235,1
imf,mas_duration/val_sample_mel_per_token_lt1_ratio_step,1385,0,1149,0.0,0.0,0.0,0.0,0.0,0,True,1.0,235,1
imf,mas_duration/val_sample_mel_per_token_lt1_5_ratio_step,1385,0,1149,0.0,0.0,0.0,0.0,0.0,0,True,1.0,235,1
imf,duration_mask/val_masked_token_ratio_step,1385,0,1149,0.0,0.0,0.0,0.0,0.0,0,True,1.0,235,1
imf,duration_mask/val_masked_short_token_ratio_step,1385,0,1149,0.0,0.0,0.0,0.0,0.0,0,True,1.0,235,1
imf,duration_mask/val_masked_long_token_ratio_step,1385,0,1149,0.0,0.0,0.0,0.0,0.0,0,True,1.0,235,1
imf,duration_mask/val_arpa_masked_token_ratio_step,1385,0,1149,0.0,0.0,0.0,0.0,0.0,0,True,1.0,235,1
imf,duration_mask/val_arpa_masked_short_token_ratio_step,1385,0,1149,0.0,0.0,0.0,0.0,0.0,0,True,1.0,235,1
imf,duration_mask/val_arpa_masked_long_token_ratio_step,1385,0,1149,0.0,0.0,0.0,0.0,0.0,0,True,1.0,235,1
imf,duration_mask/val_zh_masked_token_ratio_step,1385,0,1149,0.0,0.0,0.0,0.0,0.0,0,True,1.0,235,1
imf,duration_mask/val_zh_masked_short_token_ratio_step,1385,0,1149,0.0,0.0,0.0,0.0,0.0,0,True,1.0,235,1
imf,duration_mask/val_zh_masked_long_token_ratio_step,1385,0,1149,0.0,0.0,0.0,0.0,0.0,0,True,1.0,235,1
imf,duration_mask/val_constrained_score_gap_per_frame_mean_step,1385,0,1149,0.07434118539094925,0.3128107786178589,0.057535234838724136,0.34984371066093445,0.14221391081809998,0,False,0.0,235,1
imf,duration_mask/val_constrained_score_gap_per_frame_max_step,1385,0,1149,0.20630741119384766,1.2767854928970337,0.11338277161121368,1.6475377082824707,0.5670408010482788,0,False,0.0,235,1
imf,duration_mask/val_floor_rescaled_sample_ratio_step,1385,0,1149,0.0,0.0,0.0,0.0,0.0,0,True,1.0,235,1
imf,duration_mask/val_ceiling_rescaled_sample_ratio_step,1385,0,1149,0.0,0.0,0.0,0.0,0.0,0,True,1.0,235,1
imf,duration_mask/val_ceiling_binding_token_ratio_step,1385,0,1149,0.0,0.1287068873643875,0.0,0.14745193719863892,0.042582426220178604,0,False,0.010830324909747292,235,1
imf,duration_mask/val_infeasible_sample_ratio_step,1385,0,1149,0.0,0.0,0.0,0.0,0.0,0,True,1.0,235,1
imf,duration_mask/val_floor_binding_token_ratio_step,1385,0,1149,0.2897856831550598,0.5190923810005188,0.25070124864578247,0.5241640210151672,0.34730201959609985,0,False,0.0,235,1
imf,duration_mask/val_sil_target_mean_frames_step,1385,0,1149,2.765625,6.267857074737549,2.1875,8.96875,6.232142925262451,0,False,0.0,235,1
imf,loss/val_step,1385,0,1149,3.2580668926239014,3.131376028060913,3.106797456741333,3.276820182800293,3.198394298553467,0,False,0.0,235,1
imf,imf/val_u_mse_epoch,138,999,138999,4.763538837432861,0.36470863223075867,0.26599037647247314,4.763538837432861,0.5202969610691071,0,False,0.0,0,0
imf,imf/val_v_mse_epoch,138,999,138999,0.12130329012870789,0.08948785811662674,0.0887303352355957,0.12130329012870789,0.09575856477022171,0,False,0.0,0,0
imf,imf/val_u_weighted_epoch,138,999,138999,0.9999986290931702,0.9999974966049194,0.9999974966049194,0.9999986290931702,0.9999977946281433,0,False,0.0,0,0
imf,imf/val_v_weighted_epoch,138,999,138999,0.9999974966049194,0.9999964237213135,0.9999964237213135,0.9999974966049194,0.9999966025352478,0,False,0.0,0,0
imf,imf/val_jvp_rms_epoch,138,999,138999,10.678462028503418,2.4601829051971436,2.187798500061035,10.678462028503418,3.089018702507019,0,False,0.0,0,0
imf,imf/val_fm_fraction_epoch,138,999,138999,0.5,0.5,0.5,0.5,0.5,0,True,0.0,0,0
imf,sub_loss/val_dur_loss_epoch,138,999,138999,0.2283962070941925,0.21786834299564362,0.20755881071090698,0.2283962070941925,0.2133820354938507,0,False,0.0,0,0
imf,sub_loss/val_prior_loss_epoch,138,999,138999,0.9720985293388367,0.9691892266273499,0.9689581394195557,0.9720985293388367,0.9693334102630615,0,False,0.0,0,0
imf,sub_loss/val_diff_loss_epoch,138,999,138999,1.9999961853027344,1.9999938011169434,1.9999938011169434,1.9999961853027344,1.9999943971633911,0,False,0.0,0,0
imf,mas_duration/val_zero_ratio_epoch,138,999,138999,0.0,0.0,0.0,0.0,0.0,0,True,1.0,0,0
imf,mas_duration/val_one_ratio_epoch,138,999,138999,0.06712425500154495,0.06364903599023819,0.06338977068662643,0.07015880942344666,0.06609664857387543,0,False,0.0,0,0
imf,mas_duration/val_le2_ratio_epoch,138,999,138999,0.36393269896507263,0.3558039963245392,0.3518054783344269,0.36393269896507263,0.35664376616477966,0,False,0.0,0,0
imf,mas_duration/val_speech_zero_ratio_epoch,138,999,138999,0.0,0.0,0.0,0.0,0.0,0,True,1.0,0,0
imf,mas_duration/val_speech_one_ratio_epoch,138,999,138999,0.01928596943616867,0.018465904518961906,0.01766580156981945,0.019536012783646584,0.018450184725224972,0,False,0.0,0,0
imf,mas_duration/val_speech_le2_ratio_epoch,138,999,138999,0.34063205122947693,0.3320174515247345,0.3271945118904114,0.34063205122947693,0.33168192207813263,0,False,0.0,0,0
imf,mas_duration/val_separator_zero_ratio_epoch,138,999,138999,0.0,0.0,0.0,0.0,0.0,0,True,1.0,0,0
imf,mas_duration/val_separator_one_ratio_epoch,138,999,138999,0.3442675769329071,0.3296162784099579,0.3296162784099579,0.36765679717063904,0.3433549851179123,0,False,0.0,0,0
imf,mas_duration/val_separator_ge3_ratio_epoch,138,999,138999,0.5244399309158325,0.5332363247871399,0.5040483474731445,0.5390649437904358,0.5256690382957458,0,False,0.0,0,0
imf,mas_duration/val_separator_ge5_ratio_epoch,138,999,138999,0.33498337864875793,0.3366951644420624,0.31454288959503174,0.34478089213371277,0.3314010053873062,0,False,0.0,0,0
imf,mas_duration/val_word_separator_ge3_ratio_epoch,138,999,138999,0.5244399309158325,0.5332363247871399,0.5040483474731445,0.5390649437904358,0.5256690382957458,0,False,0.0,0,0
imf,mas_duration/val_word_separator_ge5_ratio_epoch,138,999,138999,0.33498337864875793,0.3366951644420624,0.31454288959503174,0.34478089213371277,0.3314010053873062,0,False,0.0,0,0
imf,mas_duration/val_blank_zero_ratio_epoch,138,999,138999,0.0,0.0,0.0,0.0,0.0,0,True,1.0,0,0
imf,mas_duration/val_blank_one_ratio_epoch,138,999,138999,0.0,0.0,0.0,0.0,0.0,0,True,1.0,0,0
imf,mas_duration/val_mean_epoch,138,999,138999,4.287093639373779,4.287093639373779,4.287093639373779,4.287093639373779,4.287093639373779,0,True,0.0,0,0
imf,mas_duration/val_speech_mean_epoch,138,999,138999,4.270630359649658,4.2627387046813965,4.2627387046813965,4.297874927520752,4.279313087463379,0,False,0.0,0,0
imf,mas_duration/val_separator_mean_epoch,138,999,138999,5.014460563659668,5.046710968017578,4.791220188140869,5.048045635223389,4.95274806022644,0,False,0.0,0,0
imf,mas_duration/val_word_separator_mean_epoch,138,999,138999,5.014460563659668,5.046710968017578,4.791220188140869,5.048045635223389,4.95274806022644,0,False,0.0,0,0
imf,mas_duration/val_min_epoch,138,999,138999,1.0,1.0,1.0,1.0,1.0,0,True,0.0,0,0
imf,mas_duration/val_speech_min_epoch,138,999,138999,1.0,1.0,1.0,1.0,1.0,0,True,0.0,0,0
imf,mas_duration/val_separator_max_epoch,138,999,138999,30.041139602661133,31.740507125854492,29.487340927124023,32.25316619873047,30.977848052978516,0,False,0.0,0,0
imf,mas_duration/val_word_separator_max_epoch,138,999,138999,30.041139602661133,31.740507125854492,29.487340927124023,32.25316619873047,30.977848052978516,0,False,0.0,0,0
imf,mas_duration/val_mel_per_token_mean_epoch,138,999,138999,4.341183662414551,4.341183662414551,4.341183662414551,4.341183662414551,4.341183662414551,0,True,0.0,0,0
imf,mas_duration/val_mel_per_token_min_epoch,138,999,138999,3.6408088207244873,3.6408088207244873,3.6408088207244873,3.6408088207244873,3.6408088207244873,0,True,0.0,0,0
imf,mas_duration/val_mel_per_speech_token_mean_epoch,138,999,138999,5.13684606552124,5.13684606552124,5.13684606552124,5.13684606552124,5.13684606552124,0,True,0.0,0,0
imf,mas_duration/val_mel_per_speech_token_min_epoch,138,999,138999,4.210357666015625,4.210357666015625,4.210357666015625,4.210357666015625,4.210357666015625,0,True,0.0,0,0
imf,mas_duration/val_sample_mel_per_token_lt1_ratio_epoch,138,999,138999,0.0,0.0,0.0,0.0,0.0,0,True,1.0,0,0
imf,mas_duration/val_sample_mel_per_token_lt1_5_ratio_epoch,138,999,138999,0.0,0.0,0.0,0.0,0.0,0,True,1.0,0,0
imf,duration_mask/val_masked_token_ratio_epoch,138,999,138999,0.0,0.0,0.0,0.0,0.0,0,True,1.0,0,0
imf,duration_mask/val_masked_short_token_ratio_epoch,138,999,138999,0.0,0.0,0.0,0.0,0.0,0,True,1.0,0,0
imf,duration_mask/val_masked_long_token_ratio_epoch,138,999,138999,0.0,0.0,0.0,0.0,0.0,0,True,1.0,0,0
imf,duration_mask/val_arpa_masked_token_ratio_epoch,138,999,138999,0.0,0.0,0.0,0.0,0.0,0,True,1.0,0,0
imf,duration_mask/val_arpa_masked_short_token_ratio_epoch,138,999,138999,0.0,0.0,0.0,0.0,0.0,0,True,1.0,0,0
imf,duration_mask/val_arpa_masked_long_token_ratio_epoch,138,999,138999,0.0,0.0,0.0,0.0,0.0,0,True,1.0,0,0
imf,duration_mask/val_zh_masked_token_ratio_epoch,138,999,138999,0.0,0.0,0.0,0.0,0.0,0,True,1.0,0,0
imf,duration_mask/val_zh_masked_short_token_ratio_epoch,138,999,138999,0.0,0.0,0.0,0.0,0.0,0,True,1.0,0,0
imf,duration_mask/val_zh_masked_long_token_ratio_epoch,138,999,138999,0.0,0.0,0.0,0.0,0.0,0,True,1.0,0,0
imf,duration_mask/val_constrained_score_gap_per_frame_mean_epoch,138,999,138999,0.17449642717838287,0.16242676973342896,0.15425005555152893,0.17449642717838287,0.16221341490745544,0,False,0.0,0,0
imf,duration_mask/val_constrained_score_gap_per_frame_max_epoch,138,999,138999,0.6717179417610168,0.6719748377799988,0.6034486293792725,0.7204232215881348,0.6440260410308838,0,False,0.0,0,0
imf,duration_mask/val_floor_rescaled_sample_ratio_epoch,138,999,138999,0.0,0.0,0.0,0.0,0.0,0,True,1.0,0,0
imf,duration_mask/val_ceiling_rescaled_sample_ratio_epoch,138,999,138999,0.0,0.0,0.0,0.0,0.0,0,True,1.0,0,0
imf,duration_mask/val_ceiling_binding_token_ratio_epoch,138,999,138999,0.06233236938714981,0.06275124847888947,0.05993897467851639,0.06515100598335266,0.06251228973269463,0,False,0.0,0,0
imf,duration_mask/val_infeasible_sample_ratio_epoch,138,999,138999,0.0,0.0,0.0,0.0,0.0,0,True,1.0,0,0
imf,duration_mask/val_floor_binding_token_ratio_epoch,138,999,138999,0.3822074234485626,0.3740413188934326,0.36806240677833557,0.3822074234485626,0.37326784431934357,0,False,0.0,0,0
imf,duration_mask/val_sil_target_mean_frames_epoch,138,999,138999,5.642405033111572,5.765822887420654,5.5965189933776855,5.816455841064453,5.738924026489258,0,False,0.0,0,0
imf,loss/val_epoch,138,999,138999,3.200491189956665,3.18705153465271,3.1766879558563232,3.200491189956665,3.182814359664917,0,False,0.0,0,0
fm,sub_loss/train_dur_loss_step,3400,49,169999,0.2609676122665405,0.13027887046337128,0.12532398104667664,0.2907392680644989,0.1571895107626915,0,False,0.0,0,0
fm,sub_loss/train_prior_loss_step,3400,49,169999,0.9821099042892456,0.9587377309799194,0.9539464712142944,0.9821099042892456,0.9595670700073242,0,False,0.0,0,0
fm,sub_loss/train_diff_loss_step,3400,49,169999,0.21559929847717285,0.1513652503490448,0.1157064139842987,0.2210080772638321,0.16112511605024338,0,False,0.0,0,0
fm,mas_duration/train_zero_ratio_step,3400,49,169999,0.0,0.0,0.0,0.0,0.0,0,True,1.0,0,0
fm,mas_duration/train_one_ratio_step,3400,49,169999,0.04850156232714653,0.03624872863292694,0.03235965594649315,0.06587707251310349,0.043472280725836754,0,False,0.0,0,0
fm,mas_duration/train_le2_ratio_step,3400,49,169999,0.42766284942626953,0.3517650365829468,0.2692521810531616,0.42766284942626953,0.31945571303367615,0,False,0.0,0,0
fm,mas_duration/train_speech_zero_ratio_step,3400,49,169999,0.0,0.0,0.0,0.0,0.0,0,True,1.0,0,0
fm,mas_duration/train_speech_one_ratio_step,3400,49,169999,0.015603933483362198,0.011017394252121449,0.008996137417852879,0.027898164466023445,0.013594304211437702,0,False,0.0,0,0
fm,mas_duration/train_speech_le2_ratio_step,3400,49,169999,0.4187706708908081,0.338010311126709,0.2533242404460907,0.4187706708908081,0.30528971552848816,0,False,0.0,0,0
fm,mas_duration/train_separator_zero_ratio_step,3400,49,169999,0.0,0.0,0.0,0.0,0.0,0,True,1.0,0,0
fm,mas_duration/train_separator_one_ratio_step,3400,49,169999,0.4004019498825073,0.3322359323501587,0.17480513453483582,0.4004019498825073,0.25007230043411255,0,False,0.0,0,0
fm,mas_duration/train_separator_ge3_ratio_step,3400,49,169999,0.4773012101650238,0.48684191703796387,0.4485657215118408,0.6682747006416321,0.585357129573822,0,False,0.0,0,0
fm,mas_duration/train_separator_ge5_ratio_step,3400,49,169999,0.3053944706916809,0.26672637462615967,0.25326627492904663,0.39559847116470337,0.33324599266052246,0,False,0.0,0,0
fm,mas_duration/train_word_separator_ge3_ratio_step,3400,49,169999,0.4773012101650238,0.48684191703796387,0.4485657215118408,0.6682747006416321,0.585357129573822,0,False,0.0,0,0
fm,mas_duration/train_word_separator_ge5_ratio_step,3400,49,169999,0.3053944706916809,0.26672637462615967,0.25326627492904663,0.39559847116470337,0.33324599266052246,0,False,0.0,0,0
fm,mas_duration/train_blank_zero_ratio_step,3400,49,169999,0.0,0.0,0.0,0.0,0.0,0,True,1.0,0,0
fm,mas_duration/train_blank_one_ratio_step,3400,49,169999,0.0,0.0,0.0,0.0,0.0,0,True,1.0,0,0
fm,mas_duration/train_mean_step,3400,49,169999,4.0004801750183105,4.025026321411133,3.9419994354248047,4.448397636413574,4.278393745422363,0,False,0.0,0,0
fm,mas_duration/train_speech_mean_step,3400,49,169999,3.9158520698547363,3.9903712272644043,3.845691680908203,4.430473804473877,4.20428729057312,0,False,0.0,0,0
fm,mas_duration/train_separator_mean_step,3400,49,169999,4.909818172454834,4.4332122802734375,3.8657472133636475,5.6263628005981445,4.774288654327393,0,False,0.0,0,0
fm,mas_duration/train_word_separator_mean_step,3400,49,169999,4.909818172454834,4.4332122802734375,3.8657472133636475,5.6263628005981445,4.774288654327393,0,False,0.0,0,0
fm,mas_duration/train_min_step,3400,49,169999,1.0,1.0,1.0,1.0,1.0,0,True,0.0,0,0
fm,mas_duration/train_speech_min_step,3400,49,169999,1.0,1.0,1.0,1.0,1.0,0,True,0.0,0,0
fm,mas_duration/train_separator_max_step,3400,49,169999,35.0,35.0,21.75,133.25,30.75,0,False,0.0,0,0
fm,mas_duration/train_word_separator_max_step,3400,49,169999,35.0,35.0,21.75,133.25,30.75,0,False,0.0,0,0
fm,mas_duration/train_mel_per_token_mean_step,3400,49,169999,4.021284103393555,4.051459312438965,3.969212293624878,4.842415809631348,4.325973987579346,0,False,0.0,0,0
fm,mas_duration/train_mel_per_token_min_step,3400,49,169999,3.3906643390655518,3.4748308658599854,3.0135836601257324,3.708566188812256,3.426414966583252,0,False,0.0,0,0
fm,mas_duration/train_mel_per_speech_token_mean_step,3400,49,169999,4.417159080505371,4.410460948944092,4.3126444816589355,5.703798294067383,5.048438310623169,0,False,0.0,0,0
fm,mas_duration/train_mel_per_speech_token_min_step,3400,49,169999,3.652693510055542,3.685710906982422,3.344836950302124,4.071125030517578,3.6922041177749634,0,False,0.0,0,0
fm,mas_duration/train_sample_mel_per_token_lt1_ratio_step,3400,49,169999,0.0,0.0,0.0,0.0,0.0,0,True,1.0,0,0
fm,mas_duration/train_sample_mel_per_token_lt1_5_ratio_step,3400,49,169999,0.0,0.0,0.0,0.0,0.0,0,True,1.0,0,0
fm,duration_mask/train_masked_token_ratio_step,3400,49,169999,0.0,0.0,0.0,0.0,0.0,0,True,1.0,0,0
fm,duration_mask/train_masked_short_token_ratio_step,3400,49,169999,0.0,0.0,0.0,0.0,0.0,0,True,1.0,0,0
fm,duration_mask/train_masked_long_token_ratio_step,3400,49,169999,0.0,0.0,0.0,0.0,0.0,0,True,1.0,0,0
fm,duration_mask/train_arpa_masked_token_ratio_step,3400,49,169999,0.0,0.0,0.0,0.0,0.0,0,True,1.0,0,0
fm,duration_mask/train_arpa_masked_short_token_ratio_step,3400,49,169999,0.0,0.0,0.0,0.0,0.0,0,True,1.0,0,0
fm,duration_mask/train_arpa_masked_long_token_ratio_step,3400,49,169999,0.0,0.0,0.0,0.0,0.0,0,True,1.0,0,0
fm,duration_mask/train_zh_masked_token_ratio_step,3400,49,169999,0.0,0.0,0.0,0.0,0.0,0,True,1.0,0,0
fm,duration_mask/train_zh_masked_short_token_ratio_step,3400,49,169999,0.0,0.0,0.0,0.0,0.0,0,True,1.0,0,0
fm,duration_mask/train_zh_masked_long_token_ratio_step,3400,49,169999,0.0,0.0,0.0,0.0,0.0,0,True,1.0,0,0
fm,duration_mask/train_constrained_score_gap_per_frame_mean_step,3400,49,169999,0.3914853036403656,0.17026306688785553,0.0333339087665081,0.3914853036403656,0.10328992828726768,0,False,0.0,0,0
fm,duration_mask/train_constrained_score_gap_per_frame_max_step,3400,49,169999,1.2401145696640015,0.800045371055603,0.20458930730819702,2.4520821571350098,0.6570945680141449,0,False,0.0,0,0
fm,duration_mask/train_floor_rescaled_sample_ratio_step,3400,49,169999,0.0,0.0,0.0,0.0,0.0,0,True,1.0,0,0
fm,duration_mask/train_ceiling_rescaled_sample_ratio_step,3400,49,169999,0.0,0.0,0.0,0.0,0.0,0,True,1.0,0,0
fm,duration_mask/train_ceiling_binding_token_ratio_step,3400,49,169999,0.11236026883125305,0.13482733070850372,0.016814284026622772,0.14417999982833862,0.09028951823711395,0,False,0.0,0,0
fm,duration_mask/train_infeasible_sample_ratio_step,3400,49,169999,0.0,0.0,0.0,0.0,0.0,0,True,1.0,0,0
fm,duration_mask/train_floor_binding_token_ratio_step,3400,49,169999,0.5159223079681396,0.4430113732814789,0.2603689432144165,0.5159223079681396,0.36581888794898987,0,False,0.0,0,0
fm,duration_mask/train_sil_target_mean_frames_step,3400,49,169999,7.598958492279053,8.072916984558105,3.4635419845581055,10.052083969116211,7.4479169845581055,0,False,0.0,0,0
fm,train/dur_loss_weight,3400,49,169999,1.0,1.0,1.0,1.0,1.0,0,True,0.0,0,0
fm,train/prior_loss_weight,3400,49,169999,1.0,1.0,1.0,1.0,1.0,0,True,0.0,0,0
fm,loss/train_step,3400,49,169999,1.458676815032959,1.2403818368911743,1.2102173566818237,1.4797606468200684,1.2774340510368347,0,False,0.0,0,0
fm,learning_rate/prior_encoder_step,3400,49,169999,4.350000017439015e-05,1.9999999494757503e-05,1.9999999494757503e-05,0.0003000000142492354,0.0003000000142492354,0,False,0.0,0,0
fm,learning_rate/duration_predictor_step,3400,49,169999,4.350000017439015e-05,1.9999999494757503e-05,1.9999999494757503e-05,0.0003000000142492354,0.0003000000142492354,0,False,0.0,0,0
fm,learning_rate/spk_emb_step,3400,49,169999,4.350000017439015e-05,1.9999999494757503e-05,1.9999999494757503e-05,0.0003000000142492354,0.0003000000142492354,0,False,0.0,0,0
fm,learning_rate/decoder_step,3400,49,169999,4.350000017439015e-05,1.9999999494757503e-05,1.9999999494757503e-05,0.0003000000142492354,0.0003000000142492354,0,False,0.0,0,0
fm,learning_rate/lr_step,3400,49,169999,4.350000017439015e-05,1.9999999494757503e-05,1.9999999494757503e-05,0.0003000000142492354,0.0003000000142492354,0,False,0.0,0,0
fm,grad_norm/grad_2.0_norm/spk_emb.weight,3400,49,169999,0.006484623998403549,0.0005925216828472912,0.0005811082664877176,0.006968399975448847,0.001810580084566027,0,False,0.0,0,0
fm,grad_norm/grad_2.0_norm/encoder.emb.weight,3400,49,169999,0.008009525947272778,0.0029375823214650154,0.002367856213822961,0.06425414234399796,0.004831783240661025,0,False,0.0,0,0
fm,grad_norm/grad_2.0_norm/encoder.prenet.conv_layers.0.weight,3400,49,169999,0.0003345286240801215,0.00017047535220626742,0.00011124432785436511,0.006916614715009928,0.00023824890376999974,0,False,0.0,0,0
fm,grad_norm/grad_2.0_norm/encoder.prenet.conv_layers.0.bias,3400,49,169999,9.495553968008608e-06,4.641958639695076e-06,2.527494189052959e-06,0.00020165987371001393,6.542320306834881e-06,0,False,0.0,0,0
fm,grad_norm/grad_2.0_norm/encoder.prenet.conv_layers.1.weight,3400,49,169999,0.00029066530987620354,9.314352791989222e-05,7.100879156496376e-05,0.00509969936683774,0.00016960019274847582,0,False,0.0,0,0
fm,grad_norm/grad_2.0_norm/encoder.prenet.conv_layers.1.bias,3400,49,169999,9.526958820060827e-06,5.69999747312977e-06,3.262705604356597e-06,0.00022247436572797596,7.716778327448992e-06,0,False,0.0,0,0
fm,grad_norm/grad_2.0_norm/encoder.prenet.conv_layers.2.weight,3400,49,169999,0.0005235052667558193,0.00011979050032095984,0.00010264479351462796,0.004405526909977198,0.00024691966245882213,0,False,0.0,0,0
fm,grad_norm/grad_2.0_norm/encoder.prenet.conv_layers.2.bias,3400,49,169999,2.126012259395793e-05,4.103441824554466e-06,3.2827879294927698e-06,0.00015529032680206,8.436037660430884e-06,0,False,0.0,0,0
fm,grad_norm/grad_2.0_norm/encoder.prenet.norm_layers.0.gamma,3400,49,169999,3.65128435078077e-05,4.277026891941205e-05,1.1779941814893391e-05,0.0012237062910571694,4.404828905535396e-05,0,False,0.0,0,0
fm,grad_norm/grad_2.0_norm/encoder.prenet.norm_layers.0.beta,3400,49,169999,2.743372715485748e-05,3.874505637213588e-05,1.1545834240678232e-05,0.0011692607076838613,3.982811176683754e-05,0,False,0.0,0,0
fm,grad_norm/grad_2.0_norm/encoder.prenet.norm_layers.1.gamma,3400,49,169999,3.5623776057036594e-05,2.2912103304406628e-05,1.1452258149802219e-05,0.0006280079251155257,2.9186308893258683e-05,0,False,0.0,0,0
fm,grad_norm/grad_2.0_norm/encoder.prenet.norm_layers.1.beta,3400,49,169999,3.356964225531556e-05,2.6780158805195242e-05,1.2271564628463238e-05,0.0007909518899396062,3.3403837733203545e-05,0,False,0.0,0,0
fm,grad_norm/grad_2.0_norm/encoder.prenet.norm_layers.2.gamma,3400,49,169999,0.0001175648721982725,0.0001241409918293357,4.384175190352835e-05,0.0020298422314226627,0.00014675844431621954,0,False,0.0,0,0
fm,grad_norm/grad_2.0_norm/encoder.prenet.norm_layers.2.beta,3400,49,169999,0.00024124288756866008,0.0002215019630966708,8.755655289860442e-05,0.004068553913384676,0.000269062613369897,0,False,0.0,0,0
fm,grad_norm/grad_2.0_norm/encoder.prenet.proj.weight,3400,49,169999,0.0016865223878994584,0.00020219082944095135,0.0001870133710326627,0.007038645446300507,0.0004642289422918111,0,False,0.0,0,0
fm,grad_norm/grad_2.0_norm/encoder.prenet.proj.bias,3400,49,169999,0.0012036041589453816,0.0002611967793200165,0.0002328197006136179,0.00637125363573432,0.0004986851417925209,0,False,0.0,0,0
fm,grad_norm/grad_2.0_norm/encoder.encoder.attn_layers.0.conv_q.weight,3400,49,169999,0.0011451353784650564,0.000618001795373857,0.0003255442716181278,0.010671686381101608,0.0009448530036024749,0,False,0.0,0,0
fm,grad_norm/grad_2.0_norm/encoder.encoder.attn_layers.0.conv_q.bias,3400,49,169999,9.286874410463497e-05,3.167686008964665e-05,2.261634472233709e-05,0.0007907348917797208,5.417490865511354e-05,0,False,0.0,0,0
fm,grad_norm/grad_2.0_norm/encoder.encoder.attn_layers.0.conv_k.weight,3400,49,169999,0.0013653484638780355,0.0006196551839821041,0.00032679090509191155,0.012203576974570751,0.0009806996677070856,0,False,0.0,0,0
fm,grad_norm/grad_2.0_norm/encoder.encoder.attn_layers.0.conv_k.bias,3400,49,169999,4.7055294999154285e-05,2.3500533643527888e-05,1.2117554433643818e-05,0.0005150450160726905,3.3624884963501245e-05,0,False,0.0,0,0
fm,grad_norm/grad_2.0_norm/encoder.encoder.attn_layers.0.conv_v.weight,3400,49,169999,0.005814800504595041,0.0008963236468844116,0.0006996002048254013,0.028719576075673103,0.0017888686852529645,0,False,0.0,0,0
fm,grad_norm/grad_2.0_norm/encoder.encoder.attn_layers.0.conv_v.bias,3400,49,169999,0.0007565461564809084,0.00012122987391194329,9.263941319659352e-05,0.003802340477705002,0.00022151279699755833,0,False,0.0,0,0
fm,grad_norm/grad_2.0_norm/encoder.encoder.attn_layers.0.conv_o.weight,3400,49,169999,0.012608055956661701,0.0009155039442703128,0.0007465459639206529,0.022516800090670586,0.0017176401452161372,0,False,0.0,0,0
fm,grad_norm/grad_2.0_norm/encoder.encoder.attn_layers.0.conv_o.bias,3400,49,169999,0.0016945104580372572,0.00023773446446284652,0.00020627152116503567,0.006204875186085701,0.00047195643128361553,0,False,0.0,0,0
fm,grad_norm/grad_2.0_norm/encoder.encoder.attn_layers.1.conv_q.weight,3400,49,169999,0.0017258328152820468,0.0007133017061278224,0.0004699754645116627,0.014429823495447636,0.0011874980409629643,0,False,0.0,0,0
fm,grad_norm/grad_2.0_norm/encoder.encoder.attn_layers.1.conv_q.bias,3400,49,169999,0.00012934439291711897,8.945962326833978e-05,4.034889207105152e-05,0.001334564876742661,0.00011833626194857061,0,False,0.0,0,0
fm,grad_norm/grad_2.0_norm/encoder.encoder.attn_layers.1.conv_k.weight,3400,49,169999,0.0017426132690161467,0.0008360922220163047,0.0005029916646890342,0.018039127811789513,0.0012782600242644548,0,False,0.0,0,0
fm,grad_norm/grad_2.0_norm/encoder.encoder.attn_layers.1.conv_k.bias,3400,49,169999,8.180911390809342e-05,6.0055019275750965e-05,2.108755688823294e-05,0.001031518098898232,7.420348993036896e-05,0,False,0.0,0,0
fm,grad_norm/grad_2.0_norm/encoder.encoder.attn_layers.1.conv_v.weight,3400,49,169999,0.006886122282594442,0.001837935415096581,0.001168740913271904,0.021696511656045914,0.002540708868764341,0,False,0.0,0,0
fm,grad_norm/grad_2.0_norm/encoder.encoder.attn_layers.1.conv_v.bias,3400,49,169999,0.0007821018807590008,0.0006330792675726116,0.00016347746714018285,0.0036299440544098616,0.0005918621900491416,0,False,0.0,0,0
fm,grad_norm/grad_2.0_norm/encoder.encoder.attn_layers.1.conv_o.weight,3400,49,169999,0.008276175707578659,0.0011676192516461015,0.000985311227850616,0.021687185391783714,0.0022443928755819798,0,False,0.0,0,0
fm,grad_norm/grad_2.0_norm/encoder.encoder.attn_layers.1.conv_o.bias,3400,49,169999,0.0013124358374625444,0.0008830718579702079,0.0003451807424426079,0.006439778953790665,0.0008669315429870039,0,False,0.0,0,0
fm,grad_norm/grad_2.0_norm/encoder.encoder.attn_layers.2.conv_q.weight,3400,49,169999,0.0011141460854560137,0.0009697690838947892,0.00043022760655730963,0.022304588928818703,0.0014907423756085336,0,False,0.0,0,0
fm,grad_norm/grad_2.0_norm/encoder.encoder.attn_layers.2.conv_q.bias,3400,49,169999,8.69681389303878e-05,0.00013219988613855094,3.364130679983646e-05,0.002308786613866687,0.00015746775170555338,0,False,0.0,0,0
fm,grad_norm/grad_2.0_norm/encoder.encoder.attn_layers.2.conv_k.weight,3400,49,169999,0.0011527366004884243,0.0011655150447040796,0.00043319060932844877,0.02055479772388935,0.0016464124200865626,0,False,0.0,0,0
fm,grad_norm/grad_2.0_norm/encoder.encoder.attn_layers.2.conv_k.bias,3400,49,169999,4.001581692136824e-05,8.055646321736276e-05,1.6491561837028712e-05,0.0008307780954055488,9.099080125452019e-05,0,False,0.0,0,0
fm,grad_norm/grad_2.0_norm/encoder.encoder.attn_layers.2.conv_v.weight,3400,49,169999,0.0063964808359742165,0.0026185447350144386,0.0012733517214655876,0.0317838154733181,0.002898943144828081,0,False,0.0,0,0
fm,grad_norm/grad_2.0_norm/encoder.encoder.attn_layers.2.conv_v.bias,3400,49,169999,0.0007125214324332774,0.0008909385069273412,0.00019086919201072305,0.004560318309813738,0.0007115441549103707,0,False,0.0,0,0
fm,grad_norm/grad_2.0_norm/encoder.encoder.attn_layers.2.conv_o.weight,3400,49,169999,0.006321530323475599,0.0011636385461315513,0.0008690171525813639,0.02751210145652294,0.0020372059661895037,0,False,0.0,0,0
fm,grad_norm/grad_2.0_norm/encoder.encoder.attn_layers.2.conv_o.bias,3400,49,169999,0.0010571429738774896,0.0008394825272262096,0.00034863853943534195,0.006567694712430239,0.0008634360856376588,0,False,0.0,0,0
fm,grad_norm/grad_2.0_norm/encoder.encoder.attn_layers.3.conv_q.weight,3400,49,169999,0.0030436695087701082,0.0011583322193473577,0.0007942276424728334,0.037041161209344864,0.0017631176742725074,0,False,0.0,0,0
fm,grad_norm/grad_2.0_norm/encoder.encoder.attn_layers.3.conv_q.bias,3400,49,169999,0.0002787404228001833,0.00013005438086111099,6.018470958224498e-05,0.002998799318447709,0.00018803479906637222,0,False,0.0,0,0
fm,grad_norm/grad_2.0_norm/encoder.encoder.attn_layers.3.conv_k.weight,3400,49,169999,0.0036399916280061007,0.0013400388415902853,0.0007757095736451447,0.034099604934453964,0.001980677479878068,0,False,0.0,0,0
fm,grad_norm/grad_2.0_norm/encoder.encoder.attn_layers.3.conv_k.bias,3400,49,169999,0.00013070745626464486,9.202721412293613e-05,2.5690906113595702e-05,0.001450341776944697,0.00011353793524904177,0,False,0.0,0,0
fm,grad_norm/grad_2.0_norm/encoder.encoder.attn_layers.3.conv_v.weight,3400,49,169999,0.006861166097223759,0.0026739146560430527,0.0014128329930827022,0.03428225591778755,0.00323717447463423,0,False,0.0,0,0
fm,grad_norm/grad_2.0_norm/encoder.encoder.attn_layers.3.conv_v.bias,3400,49,169999,0.0007006224477663636,0.0006665117107331753,0.0001662073627812788,0.004465872887521982,0.0006459392025135458,0,False,0.0,0,0
fm,grad_norm/grad_2.0_norm/encoder.encoder.attn_layers.3.conv_o.weight,3400,49,169999,0.006001042202115059,0.0014006263809278607,0.00107969855889678,0.02420240081846714,0.0022564916871488094,0,False,0.0,0,0
fm,grad_norm/grad_2.0_norm/encoder.encoder.attn_layers.3.conv_o.bias,3400,49,169999,0.0009034058311954141,0.0007028045947663486,0.00033986277412623167,0.005316135007888079,0.0008142429869621992,0,False,0.0,0,0
fm,grad_norm/grad_2.0_norm/encoder.encoder.attn_layers.4.conv_q.weight,3400,49,169999,0.001231131493113935,0.0007414962165057659,0.0004362316394690424,0.011967826634645462,0.0013775484985671937,0,False,0.0,0,0
fm,grad_norm/grad_2.0_norm/encoder.encoder.attn_layers.4.conv_q.bias,3400,49,169999,8.096137753454968e-05,8.51133227115497e-05,2.3403967134072445e-05,0.0007930936408229172,0.0001353515181108378,0,False,0.0,0,0
fm,grad_norm/grad_2.0_norm/encoder.encoder.attn_layers.4.conv_k.weight,3400,49,169999,0.0011855581542477012,0.0009373484645038843,0.00038977392250671983,0.013878196477890015,0.0016655431245453656,0,False,0.0,0,0
fm,grad_norm/grad_2.0_norm/encoder.encoder.attn_layers.4.conv_k.bias,3400,49,169999,2.560081884439569e-05,5.786593828815967e-05,9.403874173585791e-06,0.0004439603362698108,9.315711940871552e-05,0,False,0.0,0,0
fm,grad_norm/grad_2.0_norm/encoder.encoder.attn_layers.4.conv_v.weight,3400,49,169999,0.004754866939038038,0.0016871070256456733,0.0011861600214615464,0.007973701693117619,0.002274511964060366,0,False,0.0,0,0
fm,grad_norm/grad_2.0_norm/encoder.encoder.attn_layers.4.conv_v.bias,3400,49,169999,0.00039509194903075695,0.00048172418610192835,0.0001293764216825366,0.0015581646002829075,0.00047353614354506135,0,False,0.0,0,0
fm,grad_norm/grad_2.0_norm/encoder.encoder.attn_layers.4.conv_o.weight,3400,49,169999,0.00412614643573761,0.0008108796318992972,0.000747227924875915,0.004807599354535341,0.001460690749809146,0,False,0.0,0,0
fm,grad_norm/grad_2.0_norm/encoder.encoder.attn_layers.4.conv_o.bias,3400,49,169999,0.0005908331368118525,0.000506698212120682,0.0002605292247608304,0.001679450855590403,0.000648983201244846,0,False,0.0,0,0
fm,grad_norm/grad_2.0_norm/encoder.encoder.attn_layers.5.conv_q.weight,3400,49,169999,0.001541645615361631,0.0007226135348901153,0.0006233610329218209,0.006813328247517347,0.0014564258744940162,0,False,0.0,0,0
fm,grad_norm/grad_2.0_norm/encoder.encoder.attn_layers.5.conv_q.bias,3400,49,169999,8.013517799554393e-05,7.687949982937425e-05,3.643745367298834e-05,0.0007865247316658497,0.00014221756282495335,0,False,0.0,0,0
fm,grad_norm/grad_2.0_norm/encoder.encoder.attn_layers.5.conv_k.weight,3400,49,169999,0.001861376455053687,0.0009322802070528269,0.0005188427167013288,0.007870695553719997,0.0018511227099224925,0,False,0.0,0,0
fm,grad_norm/grad_2.0_norm/encoder.encoder.attn_layers.5.conv_k.bias,3400,49,169999,5.3528194257523865e-05,5.781043000752106e-05,1.573546433064621e-05,0.00046171247959136963,9.518279694020748e-05,0,False,0.0,0,0
fm,grad_norm/grad_2.0_norm/encoder.encoder.attn_layers.5.conv_v.weight,3400,49,169999,0.005056003108620644,0.001801966456696391,0.0013280160492286086,0.013623413629829884,0.00296740117482841,0,False,0.0,0,0
fm,grad_norm/grad_2.0_norm/encoder.encoder.attn_layers.5.conv_v.bias,3400,49,169999,0.0003503772022668272,0.0003121030458714813,0.00012573391722980887,0.0016600039089098573,0.00042228089296258986,0,False,0.0,0,0
fm,grad_norm/grad_2.0_norm/encoder.encoder.attn_layers.5.conv_o.weight,3400,49,169999,0.0035324469208717346,0.000766176322940737,0.0006545183714479208,0.005711086560040712,0.0011713109561242163,0,False,0.0,0,0
fm,grad_norm/grad_2.0_norm/encoder.encoder.attn_layers.5.conv_o.bias,3400,49,169999,0.0006923225009813905,0.0004025303933303803,0.00026385573437437415,0.0023157987743616104,0.0006106131477281451,0,False,0.0,0,0
fm,grad_norm/grad_2.0_norm/encoder.encoder.norm_layers_1.0.gamma,3400,49,169999,0.0014857572969049215,0.00032272402313537896,0.00019053160212934017,0.005797641351819038,0.00048494858492631465,0,False,0.0,0,0
fm,grad_norm/grad_2.0_norm/encoder.encoder.norm_layers_1.0.beta,3400,49,169999,0.0019455115543678403,0.0003395422245375812,0.00025539539637975395,0.006276347208768129,0.0005588943022303283,0,False,0.0,0,0
fm,grad_norm/grad_2.0_norm/encoder.encoder.norm_layers_1.1.gamma,3400,49,169999,0.001163705252110958,0.0005063473363406956,0.00020662628230638802,0.005577074829488993,0.0005212494579609483,0,False,0.0,0,0
fm,grad_norm/grad_2.0_norm/encoder.encoder.norm_layers_1.1.beta,3400,49,169999,0.0013011757982894778,0.0005876337527297437,0.00031556873000226915,0.005957173649221659,0.0006510290259029716,0,False,0.0,0,0
fm,grad_norm/grad_2.0_norm/encoder.encoder.norm_layers_1.2.gamma,3400,49,169999,0.000835621845908463,0.0003347876772750169,0.000203003641217947,0.004819119349122047,0.0005068329337518662,0,False,0.0,0,0
fm,grad_norm/grad_2.0_norm/encoder.encoder.norm_layers_1.2.beta,3400,49,169999,0.0010606123832985759,0.0005753005389124155,0.0003137318417429924,0.006284003145992756,0.000664030754705891,0,False,0.0,0,0
fm,grad_norm/grad_2.0_norm/encoder.encoder.norm_layers_1.3.gamma,3400,49,169999,0.0006676941411569715,0.0004061218351125717,0.00017869910516310483,0.003921592142432928,0.0004580647364491597,0,False,0.0,0,0
fm,grad_norm/grad_2.0_norm/encoder.encoder.norm_layers_1.3.beta,3400,49,169999,0.0008987983455881476,0.0004548512806650251,0.00030959982541389763,0.0050528948195278645,0.0006090423266869038,0,False,0.0,0,0
fm,grad_norm/grad_2.0_norm/encoder.encoder.norm_layers_1.4.gamma,3400,49,169999,0.0004916974576190114,0.0002560193825047463,0.00017315035802312195,0.0009671808802522719,0.00034256766957696527,0,False,0.0,0,0
fm,grad_norm/grad_2.0_norm/encoder.encoder.norm_layers_1.4.beta,3400,49,169999,0.0006935238488949835,0.0003710844030138105,0.0002890690229833126,0.0016013295389711857,0.0005344511882867664,0,False,0.0,0,0
fm,grad_norm/grad_2.0_norm/encoder.encoder.norm_layers_1.5.gamma,3400,49,169999,0.000516161322593689,0.0002666250802576542,0.00016260272241197526,0.0012822148855775595,0.0003097425651503727,0,False,0.0,0,0
fm,grad_norm/grad_2.0_norm/encoder.encoder.norm_layers_1.5.beta,3400,49,169999,0.0009164265356957912,0.0003769458853639662,0.00025928401737473905,0.002794790081679821,0.0006229499122127891,0,False,0.0,0,0
fm,grad_norm/grad_2.0_norm/encoder.encoder.ffn_layers.0.conv_1.weight,3400,49,169999,0.008342397399246693,0.0027023334987461567,0.0020156370010226965,0.05626107379794121,0.004325411515310407,0,False,0.0,0,0
fm,grad_norm/grad_2.0_norm/encoder.encoder.ffn_layers.0.conv_1.bias,3400,49,169999,0.00042567227501422167,8.474029891658574e-05,7.042419019853696e-05,0.0019862717017531395,0.00014551512867910787,0,False,0.0,0,0
fm,grad_norm/grad_2.0_norm/encoder.encoder.ffn_layers.0.conv_2.weight,3400,49,169999,0.012861340306699276,0.00246592634357512,0.002032918855547905,0.05445919185876846,0.004000034648925066,0,False,0.0,0,0
fm,grad_norm/grad_2.0_norm/encoder.encoder.ffn_layers.0.conv_2.bias,3400,49,169999,0.00030335478368215263,0.0002532761718612164,0.00018486077897250652,0.004202897660434246,0.0003948891389882192,0,False,0.0,0,0
fm,grad_norm/grad_2.0_norm/encoder.encoder.ffn_layers.1.conv_1.weight,3400,49,169999,0.006248859688639641,0.002979110926389694,0.002181540708988905,0.05817801505327225,0.004651973024010658,0,False,0.0,0,0
fm,grad_norm/grad_2.0_norm/encoder.encoder.ffn_layers.1.conv_1.bias,3400,49,169999,0.0002528068143874407,9.808922914089635e-05,8.173711830750108e-05,0.002092782873660326,0.00015867976617300883,0,False,0.0,0,0
fm,grad_norm/grad_2.0_norm/encoder.encoder.ffn_layers.1.conv_2.weight,3400,49,169999,0.0032120251562446356,0.002390162320807576,0.0017961265984922647,0.04679242894053459,0.0037027120124548674,0,False,0.0,0,0
fm,grad_norm/grad_2.0_norm/encoder.encoder.ffn_layers.1.conv_2.bias,3400,49,169999,0.0010962829692289233,0.0004367094370536506,0.00024132007092703134,0.005287518724799156,0.0005036827642470598,0,False,0.0,0,0
fm,grad_norm/grad_2.0_norm/encoder.encoder.ffn_layers.2.conv_1.weight,3400,49,169999,0.00634724460542202,0.003224089043214917,0.002451989334076643,0.06450588256120682,0.004838629392907023,0,False,0.0,0,0
fm,grad_norm/grad_2.0_norm/encoder.encoder.ffn_layers.2.conv_1.bias,3400,49,169999,0.00025166431441903114,0.00010968439892167225,8.680996688781306e-05,0.0022480736952275038,0.00016658021195326,0,False,0.0,0,0
fm,grad_norm/grad_2.0_norm/encoder.encoder.ffn_layers.2.conv_2.weight,3400,49,169999,0.003372669918462634,0.0022143942769616842,0.0017529720207676291,0.048406265676021576,0.003583079553209245,0,False,0.0,0,0
fm,grad_norm/grad_2.0_norm/encoder.encoder.ffn_layers.2.conv_2.bias,3400,49,169999,0.0009648778941482306,0.0003869099309667945,0.00023584811424370855,0.004896033089607954,0.00046383077278733253,0,False,0.0,0,0
fm,grad_norm/grad_2.0_norm/encoder.encoder.ffn_layers.3.conv_1.weight,3400,49,169999,0.007549744099378586,0.0028446221258491278,0.0025585966650396585,0.06899327784776688,0.004515025997534394,0,False,0.0,0,0
fm,grad_norm/grad_2.0_norm/encoder.encoder.ffn_layers.3.conv_1.bias,3400,49,169999,0.00030394920031540096,0.00010399078018963337,9.179490734823048e-05,0.0023641097359359264,0.00016421815962530673,0,False,0.0,0,0
fm,grad_norm/grad_2.0_norm/encoder.encoder.ffn_layers.3.conv_2.weight,3400,49,169999,0.004315884318202734,0.002037431113421917,0.0017806150717660785,0.024290550500154495,0.0032781818881630898,0,False,0.0,0,0
fm,grad_norm/grad_2.0_norm/encoder.encoder.ffn_layers.3.conv_2.bias,3400,49,169999,0.0005278726457618177,0.00025252794148400426,0.00017157976981252432,0.001246618921868503,0.00033450862974859774,0,False,0.0,0,0
fm,grad_norm/grad_2.0_norm/encoder.encoder.ffn_layers.4.conv_1.weight,3400,49,169999,0.007015058305114508,0.0023310487158596516,0.0021316977217793465,0.014769169501960278,0.0035931648453697562,0,False,0.0,0,0
fm,grad_norm/grad_2.0_norm/encoder.encoder.ffn_layers.4.conv_1.bias,3400,49,169999,0.0002477462694514543,9.55914001679048e-05,8.208875806303695e-05,0.0004696983960457146,0.00014227919018594548,0,False,0.0,0,0
fm,grad_norm/grad_2.0_norm/encoder.encoder.ffn_layers.4.conv_2.weight,3400,49,169999,0.003863154212012887,0.001795590971596539,0.001542340382002294,0.00863252580165863,0.002740936470218003,0,False,0.0,0,0
fm,grad_norm/grad_2.0_norm/encoder.encoder.ffn_layers.4.conv_2.bias,3400,49,169999,0.0004515351611189544,0.0001924027455970645,0.0001389121898682788,0.0013089691055938601,0.000340773185598664,0,False,0.0,0,0
fm,grad_norm/grad_2.0_norm/encoder.encoder.ffn_layers.5.conv_1.weight,3400,49,169999,0.013615941628813744,0.0025858357548713684,0.0021883798763155937,0.025001782923936844,0.004378712270408869,0,False,0.0,0,0
fm,grad_norm/grad_2.0_norm/encoder.encoder.ffn_layers.5.conv_1.bias,3400,49,169999,0.00040769492625258863,7.934509631013498e-05,6.86312050675042e-05,0.0008094904478639364,0.00014818234194535762,0,False,0.0,0,0
fm,grad_norm/grad_2.0_norm/encoder.encoder.ffn_layers.5.conv_2.weight,3400,49,169999,0.005676916800439358,0.00189663574565202,0.001376883708871901,0.011280091479420662,0.0027900533750653267,0,False,0.0,0,0
fm,grad_norm/grad_2.0_norm/encoder.encoder.ffn_layers.5.conv_2.bias,3400,49,169999,0.0007887583342380822,0.0002111754729412496,0.00010802909673657268,0.0033979162108153105,0.0004727957129944116,0,False,0.0,0,0
fm,grad_norm/grad_2.0_norm/encoder.encoder.norm_layers_2.0.gamma,3400,49,169999,0.001287262886762619,0.0007684440352022648,0.00023359702026937157,0.006501657888293266,0.0007881831552367657,0,False,0.0,0,0
fm,grad_norm/grad_2.0_norm/encoder.encoder.norm_layers_2.0.beta,3400,49,169999,0.0015541716711595654,0.0011098115937784314,0.00039748355629853904,0.007547663524746895,0.001107933814637363,0,False,0.0,0,0
fm,grad_norm/grad_2.0_norm/encoder.encoder.norm_layers_2.1.gamma,3400,49,169999,0.0010936850449070334,0.0007644470315426588,0.00023624103050678968,0.0062438687309622765,0.0008067841408774257,0,False,0.0,0,0
fm,grad_norm/grad_2.0_norm/encoder.encoder.norm_layers_2.1.beta,3400,49,169999,0.0013176976935938,0.0014038188382983208,0.0003589639673009515,0.008614707738161087,0.0012268145219422877,0,False,0.0,0,0
fm,grad_norm/grad_2.0_norm/encoder.encoder.norm_layers_2.2.gamma,3400,49,169999,0.0008214542758651078,0.0009791104821488261,0.0002353764430154115,0.0062627592124044895,0.0008135356765706092,0,False,0.0,0,0
fm,grad_norm/grad_2.0_norm/encoder.encoder.norm_layers_2.2.beta,3400,49,169999,0.0012842249125242233,0.0012300669914111495,0.0004203785501886159,0.008356677368283272,0.001229258778039366,0,False,0.0,0,0
fm,grad_norm/grad_2.0_norm/encoder.encoder.norm_layers_2.3.gamma,3400,49,169999,0.0005280564655549824,0.0005127253825776279,0.00020024013065267354,0.002294227946549654,0.0005776177567895502,0,False,0.0,0,0
fm,grad_norm/grad_2.0_norm/encoder.encoder.norm_layers_2.3.beta,3400,49,169999,0.0007697468972764909,0.0009252192103303969,0.0003144128422718495,0.0032711129169911146,0.0009596984891686589,0,False,0.0,0,0
fm,grad_norm/grad_2.0_norm/encoder.encoder.norm_layers_2.4.gamma,3400,49,169999,0.0004908544942736626,0.0003578969044610858,0.0001984652626561001,0.0015718622598797083,0.00045047276944387704,0,False,0.0,0,0
fm,grad_norm/grad_2.0_norm/encoder.encoder.norm_layers_2.4.beta,3400,49,169999,0.0007606992148794234,0.0006429639179259539,0.0003246375999879092,0.0029224350582808256,0.0008554152445867658,0,False,0.0,0,0
fm,grad_norm/grad_2.0_norm/encoder.encoder.norm_layers_2.5.gamma,3400,49,169999,0.000937263888772577,0.0012935722479596734,0.0003662436211016029,0.006828745361417532,0.0014393078163266182,0,False,0.0,0,0
fm,grad_norm/grad_2.0_norm/encoder.encoder.norm_layers_2.5.beta,3400,49,169999,0.0015281784581020474,0.0017324609216302633,0.0005466411239467561,0.00845737662166357,0.00225523195695132,0,False,0.0,0,0
fm,grad_norm/grad_2.0_norm/encoder.proj_m.weight,3400,49,169999,0.05735795944929123,0.01748882606625557,0.012101652100682259,0.22266137599945068,0.03259237855672836,0,False,0.0,0,0
fm,grad_norm/grad_2.0_norm/encoder.proj_m.bias,3400,49,169999,0.004823070019483566,0.0033733369782567024,0.001747691654600203,0.020870612934231758,0.005376630462706089,0,False,0.0,0,0
fm,grad_norm/grad_2.0_norm/encoder.proj_w.conv_1.weight,3400,49,169999,0.22577723860740662,0.02076954022049904,0.01516175176948309,0.22577723860740662,0.03937291167676449,0,False,0.0,0,0
fm,grad_norm/grad_2.0_norm/encoder.proj_w.conv_1.bias,3400,49,169999,0.010935844853520393,0.002400461584329605,0.001137646147981286,0.010935844853520393,0.0034247428411617875,0,False,0.0,0,0
fm,grad_norm/grad_2.0_norm/encoder.proj_w.norm_1.gamma,3400,49,169999,0.004278073087334633,0.0009153013816103339,0.0006270934827625751,0.004278073087334633,0.0015388805768452585,0,False,0.0,0,0
fm,grad_norm/grad_2.0_norm/encoder.proj_w.norm_1.beta,3400,49,169999,0.006610085256397724,0.0016265702433884144,0.0006634910241700709,0.012893588282167912,0.002586874063126743,0,False,0.0,0,0
fm,grad_norm/grad_2.0_norm/encoder.proj_w.conv_2.weight,3400,49,169999,0.056345269083976746,0.0068964408710598946,0.005281541030853987,0.056345269083976746,0.01427020225673914,0,False,0.0,0,0
fm,grad_norm/grad_2.0_norm/encoder.proj_w.conv_2.bias,3400,49,169999,0.0032476799096912146,0.0003291432512924075,0.00019539949425961822,0.003959185443818569,0.0006576419400516897,0,False,0.0,0,0
fm,grad_norm/grad_2.0_norm/encoder.proj_w.norm_2.gamma,3400,49,169999,0.008319252170622349,0.002561882371082902,0.0005484987050294876,0.01718240976333618,0.003077837056480348,0,False,0.0,0,0
fm,grad_norm/grad_2.0_norm/encoder.proj_w.norm_2.beta,3400,49,169999,0.029945310205221176,0.00812577549368143,0.0005202072788961232,0.057421959936618805,0.009203571360558271,0,False,0.0,0,0
fm,grad_norm/grad_2.0_norm/encoder.proj_w.proj.weight,3400,49,169999,0.735198438167572,0.013022185303270817,0.008603814989328384,0.735198438167572,0.03786178305745125,0,False,0.0,0,0
fm,grad_norm/grad_2.0_norm/encoder.proj_w.proj.bias,3400,49,169999,0.08349609375,0.01210784912109375,0.0,0.134033203125,0.016437530517578125,0,False,0.0002941176470588235,0,0
fm,grad_norm/grad_2.0_norm/decoder.estimator.time_mlp.linear_1.weight,3400,49,169999,0.007074687164276838,0.00025550133432261646,0.00025550133432261646,0.01090953592211008,0.0010371191892772913,0,False,0.0,0,0
fm,grad_norm/grad_2.0_norm/decoder.estimator.time_mlp.linear_1.bias,3400,49,169999,0.0008363342494703829,2.1212426872807555e-05,2.1212426872807555e-05,0.001375105930492282,0.00010420062244520523,0,False,0.0,0,0
fm,grad_norm/grad_2.0_norm/decoder.estimator.time_mlp.linear_2.weight,3400,49,169999,0.006110636983066797,0.0005015118513256311,0.0004903719527646899,0.00990067794919014,0.00206840003374964,0,False,0.0,0,0
fm,grad_norm/grad_2.0_norm/decoder.estimator.time_mlp.linear_2.bias,3400,49,169999,0.0018160534091293812,0.00017292416305281222,0.00013416481669992208,0.004250624217092991,0.0007574204646516591,0,False,0.0,0,0
fm,grad_norm/grad_2.0_norm/decoder.estimator.down_blocks.0.0.mlp.1.weight,3400,49,169999,0.003509159665554762,0.0007268676999956369,0.000638758996501565,0.007827828638255596,0.0018152384436689317,0,False,0.0,0,0
fm,grad_norm/grad_2.0_norm/decoder.estimator.down_blocks.0.0.mlp.1.bias,3400,49,169999,0.0009817142272368073,0.0003492020769044757,0.00030373307527042925,0.0031587278936058283,0.0007602119003422558,0,False,0.0,0,0
fm,grad_norm/grad_2.0_norm/decoder.estimator.down_blocks.0.0.block1.block.0.weight,3400,49,169999,0.006245771888643503,0.0010001794435083866,0.0008995631942525506,0.01745617389678955,0.002539518172852695,0,False,0.0,0,0
fm,grad_norm/grad_2.0_norm/decoder.estimator.down_blocks.0.0.block1.block.0.bias,3400,49,169999,0.00030725126271136105,7.038259354885668e-05,5.784855238744058e-05,0.000924944004509598,0.00015506723866565153,0,False,0.0,0,0
fm,grad_norm/grad_2.0_norm/decoder.estimator.down_blocks.0.0.block1.block.2.weight,3400,49,169999,0.0005776853649877012,0.00021335053315851837,0.00016716175014153123,0.0019791009835898876,0.00041470986616332084,0,False,0.0,0,0
fm,grad_norm/grad_2.0_norm/decoder.estimator.down_blocks.0.0.block1.block.2.bias,3400,49,169999,0.0006456500268541276,0.0002728936669882387,0.00022610406449530274,0.0022159551735967398,0.0005206822534091771,0,False,0.0,0,0
fm,grad_norm/grad_2.0_norm/decoder.estimator.down_blocks.0.0.block2.block.0.weight,3400,49,169999,0.009868379682302475,0.001182112260721624,0.0011803730158135295,0.018663888797163963,0.003285482060164213,0,False,0.0,0,0
fm,grad_norm/grad_2.0_norm/decoder.estimator.down_blocks.0.0.block2.block.0.bias,3400,49,169999,0.0005885070422664285,0.00011460580572020262,0.00011460580572020262,0.0011223899200558662,0.00030234878067858517,0,False,0.0,0,0
fm,grad_norm/grad_2.0_norm/decoder.estimator.down_blocks.0.0.block2.block.2.weight,3400,49,169999,0.003844011574983597,0.0004496895708143711,0.00041032349690794945,0.005137240514159203,0.0012713168980553746,0,False,0.0,0,0
fm,grad_norm/grad_2.0_norm/decoder.estimator.down_blocks.0.0.block2.block.2.bias,3400,49,169999,0.003255697898566723,0.0005983356386423111,0.0005983356386423111,0.006352096330374479,0.0018334822379983962,0,False,0.0,0,0
fm,grad_norm/grad_2.0_norm/decoder.estimator.down_blocks.0.0.res_conv.weight,3400,49,169999,0.05807419493794441,0.00773317227140069,0.00773317227140069,0.13584676384925842,0.028417333029210567,0,False,0.0,0,0
fm,grad_norm/grad_2.0_norm/decoder.estimator.down_blocks.0.0.res_conv.bias,3400,49,169999,0.004927275702357292,0.0009560610633343458,0.0009304577833972871,0.013228470459580421,0.0029669770738109946,0,False,0.0,0,0
fm,grad_norm/grad_2.0_norm/decoder.estimator.down_blocks.0.1.0.norm1.weight,3400,49,169999,0.004603412467986345,0.00010337371350033209,7.402403571177274e-05,0.004603412467986345,0.00035233821836300194,0,False,0.0,0,0
fm,grad_norm/grad_2.0_norm/decoder.estimator.down_blocks.0.1.0.norm1.bias,3400,49,169999,0.004794776439666748,0.00019358238205313683,0.00016552137094549835,0.004794776439666748,0.00047994796477723867,0,False,0.0,0,0
fm,grad_norm/grad_2.0_norm/decoder.estimator.down_blocks.0.1.0.attn1.to_q.weight,3400,49,169999,0.0006338692037388682,2.0795510863536038e-05,1.8166138033848256e-05,0.0006369547336362302,4.7856703531579114e-05,0,False,0.0,0,0
fm,grad_norm/grad_2.0_norm/decoder.estimator.down_blocks.0.1.0.attn1.to_k.weight,3400,49,169999,0.0004955630865879357,2.125014907505829e-05,1.510275251348503e-05,0.0004955630865879357,3.3074815291911364e-05,0,False,0.0,0,0
fm,grad_norm/grad_2.0_norm/decoder.estimator.down_blocks.0.1.0.attn1.to_v.weight,3400,49,169999,0.04957030341029167,0.0009095788118429482,0.0009095788118429482,0.04957030341029167,0.0030851761111989617,0,False,0.0,0,0
fm,grad_norm/grad_2.0_norm/decoder.estimator.down_blocks.0.1.0.attn1.to_out.0.weight,3400,49,169999,0.025627020746469498,0.0002969119814224541,0.00018558153533376753,0.025627020746469498,0.0005494319193530828,0,False,0.0,0,0
fm,grad_norm/grad_2.0_norm/decoder.estimator.down_blocks.0.1.0.attn1.to_out.0.bias,3400,49,169999,0.004653200041502714,0.0009512878023087978,0.0009374266373924911,0.01314483117312193,0.002902972628362477,0,False,0.0,0,0
fm,grad_norm/grad_2.0_norm/decoder.estimator.down_blocks.0.1.0.norm3.weight,3400,49,169999,0.002961532911285758,0.0005531536880880594,0.00043294153874740005,0.004198279231786728,0.001066718774382025,0,False,0.0,0,0
fm,grad_norm/grad_2.0_norm/decoder.estimator.down_blocks.0.1.0.norm3.bias,3400,49,169999,0.003329780651256442,0.001032162574119866,0.0007198980893008411,0.007775282487273216,0.0015160885523073375,0,False,0.0,0,0
fm,grad_norm/grad_2.0_norm/decoder.estimator.down_blocks.0.1.0.ff.net.0.alpha,3400,49,169999,0.0002858491789083928,0.0003959272289648652,7.686840399401262e-05,0.004113748203963041,0.000631827802862972,0,False,0.0,0,0
fm,grad_norm/grad_2.0_norm/decoder.estimator.down_blocks.0.1.0.ff.net.0.beta,3400,49,169999,0.0002357699122512713,0.00028527533868327737,7.11274187779054e-05,0.003047396894544363,0.0004753572429763153,0,False,0.0,0,0
fm,grad_norm/grad_2.0_norm/decoder.estimator.down_blocks.0.1.0.ff.net.0.proj.weight,3400,49,169999,0.015471167862415314,0.0018562038894742727,0.0014417212223634124,0.026944557204842567,0.004724485799670219,0,False,0.0,0,0
fm,grad_norm/grad_2.0_norm/decoder.estimator.down_blocks.0.1.0.ff.net.0.proj.bias,3400,49,169999,0.0011207739589735866,0.0005719244945794344,0.0003541458281688392,0.0020430388394743204,0.0007228731992654502,0,False,0.0,0,0
fm,grad_norm/grad_2.0_norm/decoder.estimator.down_blocks.0.1.0.ff.net.2.weight,3400,49,169999,0.06295713782310486,0.001829550601541996,0.0016375993145629764,0.06295713782310486,0.003961464855819941,0,False,0.0,0,0
fm,grad_norm/grad_2.0_norm/decoder.estimator.down_blocks.0.1.0.ff.net.2.bias,3400,49,169999,0.0032092214096337557,0.0009327690931968391,0.0008985406602732837,0.012717450968921185,0.002853961195796728,0,False,0.0,0,0
fm,grad_norm/grad_2.0_norm/decoder.estimator.down_blocks.0.2.conv.weight,3400,49,169999,0.025751696899533272,0.00728008383885026,0.005586689803749323,0.04280047118663788,0.01366182416677475,0,False,0.0,0,0
fm,grad_norm/grad_2.0_norm/decoder.estimator.down_blocks.0.2.conv.bias,3400,49,169999,0.0006659564096480608,0.00024375267094001174,0.0001932352315634489,0.0015774285420775414,0.0005550389760173857,0,False,0.0,0,0
fm,grad_norm/grad_2.0_norm/decoder.estimator.down_blocks.1.0.mlp.1.weight,3400,49,169999,0.0015051503432914615,0.0007370926323346794,0.00047831813571974635,0.003999476321041584,0.001213059644214809,0,False,0.0,0,0
fm,grad_norm/grad_2.0_norm/decoder.estimator.down_blocks.1.0.mlp.1.bias,3400,49,169999,0.00048138535930775106,0.0003606869140639901,0.0002145590988220647,0.0020542931742966175,0.0005871490866411477,0,False,0.0,0,0
fm,grad_norm/grad_2.0_norm/decoder.estimator.down_blocks.1.0.block1.block.0.weight,3400,49,169999,0.001565792947076261,0.0006394144729711115,0.0005281775374896824,0.0025564711540937424,0.0009501831664238125,0,False,0.0,0,0
fm,grad_norm/grad_2.0_norm/decoder.estimator.down_blocks.1.0.block1.block.0.bias,3400,49,169999,4.166642247582786e-05,2.431489156151656e-05,2.0594787201844156e-05,0.00018777373770717531,5.1441171308397315e-05,0,False,0.0,0,0
fm,grad_norm/grad_2.0_norm/decoder.estimator.down_blocks.1.0.block1.block.2.weight,3400,49,169999,0.0002949846093542874,0.0002039528772002086,0.00014243707119021565,0.0008034540805965662,0.0002837103675119579,0,False,0.0,0,0
fm,grad_norm/grad_2.0_norm/decoder.estimator.down_blocks.1.0.block1.block.2.bias,3400,49,169999,0.00031578895868733525,0.0002033327764365822,0.00014417734928429127,0.001054776948876679,0.00032262507011182606,0,False,0.0,0,0
fm,grad_norm/grad_2.0_norm/decoder.estimator.down_blocks.1.0.block2.block.0.weight,3400,49,169999,0.0029355990700423717,0.001027678488753736,0.0008891378529369831,0.0044675362296402454,0.001784295483957976,0,False,0.0,0,0
fm,grad_norm/grad_2.0_norm/decoder.estimator.down_blocks.1.0.block2.block.0.bias,3400,49,169999,0.00019824177434202284,0.00010299537098035216,7.492961594834924e-05,0.0005680665490217507,0.00017204952018801123,0,False,0.0,0,0
fm,grad_norm/grad_2.0_norm/decoder.estimator.down_blocks.1.0.block2.block.2.weight,3400,49,169999,0.0004860425542574376,0.00023484697157982737,0.00019215114298276603,0.001234831870533526,0.0004525899566942826,0,False,0.0,0,0
fm,grad_norm/grad_2.0_norm/decoder.estimator.down_blocks.1.0.block2.block.2.bias,3400,49,169999,0.0004608264716807753,0.00029718794394284487,0.00020049017621204257,0.0015258119674399495,0.0005430905148386955,0,False,0.0,0,0
fm,grad_norm/grad_2.0_norm/decoder.estimator.down_blocks.1.0.res_conv.weight,3400,49,169999,0.015071443282067776,0.005055548623204231,0.004638573620468378,0.016600608825683594,0.007838366087526083,0,False,0.0,0,0
fm,grad_norm/grad_2.0_norm/decoder.estimator.down_blocks.1.0.res_conv.bias,3400,49,169999,0.0006795713561587036,0.00041542979306541383,0.00029430410359054804,0.002554379403591156,0.0008306886302307248,0,False,0.0,0,0
fm,grad_norm/grad_2.0_norm/decoder.estimator.down_blocks.1.1.0.norm1.weight,3400,49,169999,0.0004985371488146484,0.00018802790145855397,0.00013507767289411277,0.0012120394967496395,0.0002942700666608289,0,False,0.0,0,0
fm,grad_norm/grad_2.0_norm/decoder.estimator.down_blocks.1.1.0.norm1.bias,3400,49,169999,0.000966190651524812,0.000437121867435053,0.0002981275029014796,0.0029754925053566694,0.0007335587288253009,0,False,0.0,0,0
fm,grad_norm/grad_2.0_norm/decoder.estimator.down_blocks.1.1.0.attn1.to_q.weight,3400,49,169999,0.00028956853202544153,0.00010288030898664147,7.222127896966413e-05,0.0015029734931886196,0.00015195462765404955,0,False,0.0,0,0
fm,grad_norm/grad_2.0_norm/decoder.estimator.down_blocks.1.1.0.attn1.to_k.weight,3400,49,169999,0.0003548522654455155,0.0001069497229764238,7.276771793840453e-05,0.0015836094971746206,0.00016253845387836918,0,False,0.0,0,0
fm,grad_norm/grad_2.0_norm/decoder.estimator.down_blocks.1.1.0.attn1.to_v.weight,3400,49,169999,0.004948740359395742,0.0008602712769061327,0.000573844532482326,0.008377272635698318,0.0018367761513218284,0,False,0.0,0,0
fm,grad_norm/grad_2.0_norm/decoder.estimator.down_blocks.1.1.0.attn1.to_out.0.weight,3400,49,169999,0.0024349968880414963,0.0003598008770495653,0.00030111102387309074,0.0024349968880414963,0.0005311245040502399,0,False,0.0,0,0
fm,grad_norm/grad_2.0_norm/decoder.estimator.down_blocks.1.1.0.attn1.to_out.0.bias,3400,49,169999,0.0006322393892332911,0.00037564223748631775,0.00025729485787451267,0.0021785194985568523,0.0007629438186995685,0,False,0.0,0,0
fm,grad_norm/grad_2.0_norm/decoder.estimator.down_blocks.1.1.0.norm3.weight,3400,49,169999,0.0007377747097052634,0.0007823746418580413,0.00026226777117699385,0.0018576068105176091,0.000806469819508493,0,False,0.0,0,0
fm,grad_norm/grad_2.0_norm/decoder.estimator.down_blocks.1.1.0.norm3.bias,3400,49,169999,0.001124041504226625,0.000985482125543058,0.00046618396299891174,0.0028660083189606667,0.0012578137684613466,0,False,0.0,0,0
fm,grad_norm/grad_2.0_norm/decoder.estimator.down_blocks.1.1.0.ff.net.0.alpha,3400,49,169999,0.00029984908178448677,0.0006867660558782518,0.00014564483717549592,0.0024813837371766567,0.0008462842088192701,0,False,0.0,0,0
fm,grad_norm/grad_2.0_norm/decoder.estimator.down_blocks.1.1.0.ff.net.0.beta,3400,49,169999,0.00022517979959957302,0.00048225410864688456,0.00010911141725955531,0.0017883684486150742,0.0006115772412158549,0,False,0.0,0,0
fm,grad_norm/grad_2.0_norm/decoder.estimator.down_blocks.1.1.0.ff.net.0.proj.weight,3400,49,169999,0.0037566395476460457,0.001058523659594357,0.0008666081703267992,0.004426979459822178,0.0017554553924128413,0,False,0.0,0,0
fm,grad_norm/grad_2.0_norm/decoder.estimator.down_blocks.1.1.0.ff.net.0.proj.bias,3400,49,169999,0.0006554153515025973,0.0005206847563385963,0.00027453896473161876,0.0014598715351894498,0.0006529535748995841,0,False,0.0,0,0
fm,grad_norm/grad_2.0_norm/decoder.estimator.down_blocks.1.1.0.ff.net.2.weight,3400,49,169999,0.006851579993963242,0.0010091481963172555,0.0008114682277664542,0.008129622787237167,0.0016274804947897792,0,False,0.0,0,0
fm,grad_norm/grad_2.0_norm/decoder.estimator.down_blocks.1.1.0.ff.net.2.bias,3400,49,169999,0.0006762982229702175,0.0003681393573060632,0.0002766161342151463,0.0022177742794156075,0.0007295421091839671,0,False,0.0,0,0
fm,grad_norm/grad_2.0_norm/decoder.estimator.down_blocks.1.2.weight,3400,49,169999,0.011771949008107185,0.0025745509192347527,0.0020536978263407946,0.011771949008107185,0.003613015986047685,0,False,0.0,0,0
fm,grad_norm/grad_2.0_norm/decoder.estimator.down_blocks.1.2.bias,3400,49,169999,0.0003773914068005979,0.00016214308561757207,0.00012909885845147073,0.0007753855315968394,0.0002829725999617949,0,False,0.0,0,0
fm,grad_norm/grad_2.0_norm/decoder.estimator.mid_blocks.0.0.mlp.1.weight,3400,49,169999,0.002428751904517412,0.0008295323932543397,0.00047207201714627445,0.003541005542501807,0.001017965201754123,0,False,0.0,0,0
fm,grad_norm/grad_2.0_norm/decoder.estimator.mid_blocks.0.0.mlp.1.bias,3400,49,169999,0.0008779322379268706,0.0004513096937444061,0.00024788061273284256,0.0014784518862143159,0.0005069622420705855,0,False,0.0,0,0
fm,grad_norm/grad_2.0_norm/decoder.estimator.mid_blocks.0.0.block1.block.0.weight,3400,49,169999,0.002498369663953781,0.0007017722819000483,0.0005455932696349919,0.002498369663953781,0.0009239596547558904,0,False,0.0,0,0
fm,grad_norm/grad_2.0_norm/decoder.estimator.mid_blocks.0.0.block1.block.0.bias,3400,49,169999,7.429163815686479e-05,3.62104365194682e-05,2.5151672161882743e-05,0.00015019049169495702,5.3482168368645944e-05,0,False,0.0,0,0
fm,grad_norm/grad_2.0_norm/decoder.estimator.mid_blocks.0.0.block1.block.2.weight,3400,49,169999,0.00045018800301477313,0.00020824784587603062,0.00014838422066532075,0.0006882852758280933,0.00026018811331596226,0,False,0.0,0,0
fm,grad_norm/grad_2.0_norm/decoder.estimator.mid_blocks.0.0.block1.block.2.bias,3400,49,169999,0.00048624357441440225,0.000220950081711635,0.00014524059952236712,0.0007683634175918996,0.0002709869295358658,0,False,0.0,0,0
fm,grad_norm/grad_2.0_norm/decoder.estimator.mid_blocks.0.0.block2.block.0.weight,3400,49,169999,0.0033833179622888565,0.001187651650980115,0.0009608881664462388,0.004044800065457821,0.001818488643039018,0,False,0.0,0,0
fm,grad_norm/grad_2.0_norm/decoder.estimator.mid_blocks.0.0.block2.block.0.bias,3400,49,169999,0.00032560364343225956,9.831059287535027e-05,6.570426194230095e-05,0.0004965802072547376,0.00014718183956574649,0,False,0.0,0,0
fm,grad_norm/grad_2.0_norm/decoder.estimator.mid_blocks.0.0.block2.block.2.weight,3400,49,169999,0.0003125284565612674,0.000154260647832416,0.00012191088899271563,0.0009311926551163197,0.00027609316748566926,0,False,0.0,0,0
fm,grad_norm/grad_2.0_norm/decoder.estimator.mid_blocks.0.0.block2.block.2.bias,3400,49,169999,0.00032738500158302486,0.00022504506341647357,0.00012319527741055936,0.0008500007097609341,0.0003026827907888219,0,False,0.0,0,0
fm,grad_norm/grad_2.0_norm/decoder.estimator.mid_blocks.0.0.res_conv.weight,3400,49,169999,0.01038240734487772,0.0033516997937113047,0.002860273467376828,0.01038240734487772,0.00445997528731823,0,False,0.0,0,0
fm,grad_norm/grad_2.0_norm/decoder.estimator.mid_blocks.0.0.res_conv.bias,3400,49,169999,0.0005204016924835742,0.00034034348209388554,0.00018028948397841305,0.001197456382215023,0.0004565022245515138,0,False,0.0,0,0
fm,grad_norm/grad_2.0_norm/decoder.estimator.mid_blocks.0.1.0.norm1.weight,3400,49,169999,0.0004842492926400155,0.00026433999300934374,0.00015236862236633897,0.0010907434625551105,0.00028728692268487066,0,False,0.0,0,0
fm,grad_norm/grad_2.0_norm/decoder.estimator.mid_blocks.0.1.0.norm1.bias,3400,49,169999,0.0009894587565213442,0.00043814885430037975,0.00022418824664782733,0.0023797384928911924,0.0004992562171537429,0,False,0.0,0,0
fm,grad_norm/grad_2.0_norm/decoder.estimator.mid_blocks.0.1.0.attn1.to_q.weight,3400,49,169999,0.0008167269406840205,7.90102276368998e-05,6.207994010765105e-05,0.002491394756361842,0.00013701080752070993,0,False,0.0,0,0
fm,grad_norm/grad_2.0_norm/decoder.estimator.mid_blocks.0.1.0.attn1.to_k.weight,3400,49,169999,0.0010533420136198401,0.00013585839769802988,0.00010227160237263888,0.0023724103812128305,0.000217733540921472,0,False,0.0,0,0
fm,grad_norm/grad_2.0_norm/decoder.estimator.mid_blocks.0.1.0.attn1.to_v.weight,3400,49,169999,0.003774888115003705,0.0011087545426562428,0.0008997779223136604,0.009697037748992443,0.0020429783035069704,0,False,0.0,0,0
fm,grad_norm/grad_2.0_norm/decoder.estimator.mid_blocks.0.1.0.attn1.to_out.0.weight,3400,49,169999,0.0018509788205847144,0.000556881248485297,0.0004551888850983232,0.0018509788205847144,0.0008204707119148225,0,False,0.0,0,0
fm,grad_norm/grad_2.0_norm/decoder.estimator.mid_blocks.0.1.0.attn1.to_out.0.bias,3400,49,169999,0.0004270192002877593,0.000259570952039212,0.00014672866382170469,0.0013565076515078545,0.00040096548036672175,0,False,0.0,0,0
fm,grad_norm/grad_2.0_norm/decoder.estimator.mid_blocks.0.1.0.norm3.weight,3400,49,169999,0.000683603051584214,0.00048816995695233345,0.00023366755340248346,0.0027600128669291735,0.0005852043104823679,0,False,0.0,0,0
fm,grad_norm/grad_2.0_norm/decoder.estimator.mid_blocks.0.1.0.norm3.bias,3400,49,169999,0.0012574732536450028,0.0007207621820271015,0.0003921666939277202,0.0023421351797878742,0.0009115768189076334,0,False,0.0,0,0
fm,grad_norm/grad_2.0_norm/decoder.estimator.mid_blocks.0.1.0.ff.net.0.alpha,3400,49,169999,0.0002884782734327018,0.0005553176160901785,0.00011779709166148677,0.002823537914082408,0.0007219718827400357,0,False,0.0,0,0
fm,grad_norm/grad_2.0_norm/decoder.estimator.mid_blocks.0.1.0.ff.net.0.beta,3400,49,169999,0.00023393298033624887,0.00041409378172829747,9.786129521671683e-05,0.0023173606023192406,0.0005883902776986361,0,False,0.0,0,0
fm,grad_norm/grad_2.0_norm/decoder.estimator.mid_blocks.0.1.0.ff.net.0.proj.weight,3400,49,169999,0.00416382635012269,0.000978113734163344,0.0008356214966624975,0.0049872505478560925,0.0016695864032953978,0,False,0.0,0,0
fm,grad_norm/grad_2.0_norm/decoder.estimator.mid_blocks.0.1.0.ff.net.0.proj.bias,3400,49,169999,0.0007199031533673406,0.0003719766391441226,0.00023154391965363175,0.001420888351276517,0.0005090428749099374,0,False,0.0,0,0
fm,grad_norm/grad_2.0_norm/decoder.estimator.mid_blocks.0.1.0.ff.net.2.weight,3400,49,169999,0.005682376679033041,0.0006311240140348673,0.000543117756024003,0.005682376679033041,0.0011321849888190627,0,False,0.0,0,0
fm,grad_norm/grad_2.0_norm/decoder.estimator.mid_blocks.0.1.0.ff.net.2.bias,3400,49,169999,0.0005482367123477161,0.00021212587307672948,0.00017406055121682584,0.0014326482778415084,0.00042257407039869577,0,False,0.0,0,0
fm,grad_norm/grad_2.0_norm/decoder.estimator.mid_blocks.1.0.mlp.1.weight,3400,49,169999,0.0027194032445549965,0.0006532390252687037,0.0005890003521926701,0.005208312068134546,0.0015117673901841044,0,False,0.0,0,0
fm,grad_norm/grad_2.0_norm/decoder.estimator.mid_blocks.1.0.mlp.1.bias,3400,49,169999,0.0009167506941594183,0.00034347636392340064,0.00029635144164785743,0.0023218155838549137,0.0007549402362201363,0,False,0.0,0,0
fm,grad_norm/grad_2.0_norm/decoder.estimator.mid_blocks.1.0.block1.block.0.weight,3400,49,169999,0.003427536692470312,0.0008983752341009676,0.0008375352481380105,0.004422392696142197,0.0017354903393425047,0,False,0.0,0,0
fm,grad_norm/grad_2.0_norm/decoder.estimator.mid_blocks.1.0.block1.block.0.bias,3400,49,169999,0.00010515060421312228,3.2741398172220215e-05,2.9471921152435243e-05,0.00025575541076250374,8.008301301742904e-05,0,False,0.0,0,0
fm,grad_norm/grad_2.0_norm/decoder.estimator.mid_blocks.1.0.block1.block.2.weight,3400,49,169999,0.000495103478897363,0.0001787766523193568,0.00015929274377413094,0.001045853365212679,0.00035388386459089816,0,False,0.0,0,0
fm,grad_norm/grad_2.0_norm/decoder.estimator.mid_blocks.1.0.block1.block.2.bias,3400,49,169999,0.0005494744400493801,0.0001743087632348761,0.00016608982696197927,0.0010799107840284705,0.00035931334423366934,0,False,0.0,0,0
fm,grad_norm/grad_2.0_norm/decoder.estimator.mid_blocks.1.0.block2.block.0.weight,3400,49,169999,0.004001797176897526,0.001060929149389267,0.0010472763096913695,0.005320253781974316,0.002099153818562627,0,False,0.0,0,0
fm,grad_norm/grad_2.0_norm/decoder.estimator.mid_blocks.1.0.block2.block.0.bias,3400,49,169999,0.00036160621675662696,9.517615399090573e-05,9.025108738569543e-05,0.0007766259950585663,0.00022383112809620798,0,False,0.0,0,0
fm,grad_norm/grad_2.0_norm/decoder.estimator.mid_blocks.1.0.block2.block.2.weight,3400,49,169999,0.0002946165332105011,0.0001619264075998217,0.0001449861447326839,0.0009326860308647156,0.0003166373790008947,0,False,0.0,0,0
fm,grad_norm/grad_2.0_norm/decoder.estimator.mid_blocks.1.0.block2.block.2.bias,3400,49,169999,0.0003212033770978451,0.0001977103529497981,0.00013740173017140478,0.0010715225944295526,0.00036631191323976964,0,False,0.0,0,0
fm,grad_norm/grad_2.0_norm/decoder.estimator.mid_blocks.1.0.res_conv.weight,3400,49,169999,0.01059048157185316,0.004328216891735792,0.0039008762687444687,0.01791926845908165,0.006934881675988436,0,False,0.0,0,0
fm,grad_norm/grad_2.0_norm/decoder.estimator.mid_blocks.1.0.res_conv.bias,3400,49,169999,0.0005602308665402234,0.00031801979639567435,0.00021611373813357204,0.0017913265619426966,0.0006030579097568989,0,False,0.0,0,0
fm,grad_norm/grad_2.0_norm/decoder.estimator.mid_blocks.1.1.0.norm1.weight,3400,49,169999,0.0003668409481178969,0.0002188368234783411,0.00013345085608307272,0.001034544431604445,0.00031476322328671813,0,False,0.0,0,0
fm,grad_norm/grad_2.0_norm/decoder.estimator.mid_blocks.1.1.0.norm1.bias,3400,49,169999,0.0008511324995197356,0.0005034917267039418,0.00033654391882009804,0.0024860105477273464,0.0007205739966593683,0,False,0.0,0,0
fm,grad_norm/grad_2.0_norm/decoder.estimator.mid_blocks.1.1.0.attn1.to_q.weight,3400,49,169999,0.0007777592400088906,0.00016526282706763595,0.00011599870049394667,0.001284738420508802,0.0002472862834110856,0,False,0.0,0,0
fm,grad_norm/grad_2.0_norm/decoder.estimator.mid_blocks.1.1.0.attn1.to_k.weight,3400,49,169999,0.0008449087617918849,0.00019009730021934956,0.00012935276026837528,0.0013527740957215428,0.0002474319189786911,0,False,0.0,0,0
fm,grad_norm/grad_2.0_norm/decoder.estimator.mid_blocks.1.1.0.attn1.to_v.weight,3400,49,169999,0.003005528822541237,0.000986542901955545,0.0009018350974656641,0.007704082876443863,0.0022031309781596065,0,False,0.0,0,0
fm,grad_norm/grad_2.0_norm/decoder.estimator.mid_blocks.1.1.0.attn1.to_out.0.weight,3400,49,169999,0.001551267341710627,0.0003713076876010746,0.00031875926651991904,0.001551267341710627,0.0005082265997771174,0,False,0.0,0,0
fm,grad_norm/grad_2.0_norm/decoder.estimator.mid_blocks.1.1.0.attn1.to_out.0.bias,3400,49,169999,0.0004697567201219499,0.0002675048599485308,0.00020141908316873014,0.0018773690098896623,0.0005624067271128297,0,False,0.0,0,0
fm,grad_norm/grad_2.0_norm/decoder.estimator.mid_blocks.1.1.0.norm3.weight,3400,49,169999,0.0005904764984734356,0.0005209808005020022,0.00026561651611700654,0.0018158832099288702,0.0006028776697348803,0,False,0.0,0,0
fm,grad_norm/grad_2.0_norm/decoder.estimator.mid_blocks.1.1.0.norm3.bias,3400,49,169999,0.0012243232922628522,0.0006501058232970536,0.00038936035707592964,0.002601924119517207,0.0009180857159662992,0,False,0.0,0,0
fm,grad_norm/grad_2.0_norm/decoder.estimator.mid_blocks.1.1.0.ff.net.0.alpha,3400,49,169999,0.00030596289434470236,0.00042282696813344955,0.00013463268987834454,0.0032921279780566692,0.0008274263527709991,0,False,0.0,0,0
fm,grad_norm/grad_2.0_norm/decoder.estimator.mid_blocks.1.1.0.ff.net.0.beta,3400,49,169999,0.0002338169579161331,0.00028686539735645056,0.00010150290472665802,0.0023820940405130386,0.0006093993433751166,0,False,0.0,0,0
fm,grad_norm/grad_2.0_norm/decoder.estimator.mid_blocks.1.1.0.ff.net.0.proj.weight,3400,49,169999,0.003927516285330057,0.0008214330300688744,0.0007598866941407323,0.00490889186039567,0.0016444523935206234,0,False,0.0,0,0
fm,grad_norm/grad_2.0_norm/decoder.estimator.mid_blocks.1.1.0.ff.net.0.proj.bias,3400,49,169999,0.000672415888402611,0.00030729954596608877,0.00023766800586599857,0.001423371839337051,0.0005026407889090478,0,False,0.0,0,0
fm,grad_norm/grad_2.0_norm/decoder.estimator.mid_blocks.1.1.0.ff.net.2.weight,3400,49,169999,0.005212627816945314,0.000486496341181919,0.0004795431741513312,0.0053442674688994884,0.0010227630846202374,0,False,0.0,0,0
fm,grad_norm/grad_2.0_norm/decoder.estimator.mid_blocks.1.1.0.ff.net.2.bias,3400,49,169999,0.000498922832775861,0.0002100098499795422,0.00016539572970941663,0.0017757534515112638,0.0005302248173393309,0,False,0.0,0,0
fm,grad_norm/grad_2.0_norm/decoder.estimator.up_blocks.0.0.mlp.1.weight,3400,49,169999,0.0033020165283232927,0.0013822406763210893,0.0011239390587434173,0.014943799003958702,0.003180094645358622,0,False,0.0,0,0
fm,grad_norm/grad_2.0_norm/decoder.estimator.up_blocks.0.0.mlp.1.bias,3400,49,169999,0.0011356871109455824,0.0007832871633581817,0.0005702335038222373,0.007961547002196312,0.001582494005560875,0,False,0.0,0,0
fm,grad_norm/grad_2.0_norm/decoder.estimator.up_blocks.0.0.block1.block.0.weight,3400,49,169999,0.005630996078252792,0.0011986736208200455,0.001192282885313034,0.008763565681874752,0.0025425219209864736,0,False,0.0,0,0
fm,grad_norm/grad_2.0_norm/decoder.estimator.up_blocks.0.0.block1.block.0.bias,3400,49,169999,0.00012059378059348091,4.522735980572179e-05,4.1645835153758526e-05,0.0005310411797836423,0.00011941775301238522,0,False,0.0,0,0
fm,grad_norm/grad_2.0_norm/decoder.estimator.up_blocks.0.0.block1.block.2.weight,3400,49,169999,0.0006327521405182779,0.00028774989186786115,0.00026611026260070503,0.002150052459910512,0.0005982649163343012,0,False,0.0,0,0
fm,grad_norm/grad_2.0_norm/decoder.estimator.up_blocks.0.0.block1.block.2.bias,3400,49,169999,0.0007174472557380795,0.0003505536587908864,0.000316824036417529,0.0031707542948424816,0.0007248856127262115,0,False,0.0,0,0
fm,grad_norm/grad_2.0_norm/decoder.estimator.up_blocks.0.0.block2.block.0.weight,3400,49,169999,0.005406353622674942,0.001364890136756003,0.0013417336158454418,0.008627235889434814,0.003060095477849245,0,False,0.0,0,0
fm,grad_norm/grad_2.0_norm/decoder.estimator.up_blocks.0.0.block2.block.0.bias,3400,49,169999,0.00043401707080192864,0.00016370147932320833,0.00014412697055377066,0.001518932986073196,0.0003911027451977134,0,False,0.0,0,0
fm,grad_norm/grad_2.0_norm/decoder.estimator.up_blocks.0.0.block2.block.2.weight,3400,49,169999,0.0004078221973031759,0.0001488435809733346,0.000139565221616067,0.0012044546892866492,0.00038432930887211114,0,False,0.0,0,0
fm,grad_norm/grad_2.0_norm/decoder.estimator.up_blocks.0.0.block2.block.2.bias,3400,49,169999,0.00038805342046543956,0.00024032912915572524,0.00017431523883715272,0.001860257820226252,0.0005296338349580765,0,False,0.0,0,0
fm,grad_norm/grad_2.0_norm/decoder.estimator.up_blocks.0.0.res_conv.weight,3400,49,169999,0.016720177605748177,0.0046319724060595036,0.004210271406918764,0.026904011145234108,0.00907164253294468,0,False,0.0,0,0
fm,grad_norm/grad_2.0_norm/decoder.estimator.up_blocks.0.0.res_conv.bias,3400,49,169999,0.0006085960776545107,0.0003237792698200792,0.0002532034704927355,0.002905549481511116,0.0007745144539512694,0,False,0.0,0,0
fm,grad_norm/grad_2.0_norm/decoder.estimator.up_blocks.0.1.0.norm1.weight,3400,49,169999,0.0005737172323279083,0.00019994917965959758,0.00012284982949495316,0.001961707603186369,0.00040584529051557183,0,False,0.0,0,0
fm,grad_norm/grad_2.0_norm/decoder.estimator.up_blocks.0.1.0.norm1.bias,3400,49,169999,0.0009431478683836758,0.000419887772295624,0.000275155995041132,0.004007108509540558,0.0008408667636103928,0,False,0.0,0,0
fm,grad_norm/grad_2.0_norm/decoder.estimator.up_blocks.0.1.0.attn1.to_q.weight,3400,49,169999,0.0008629741496406496,6.0705311625497416e-05,5.489028990268707e-05,0.0012780942488461733,0.0001352977051283233,0,False,0.0,0,0
fm,grad_norm/grad_2.0_norm/decoder.estimator.up_blocks.0.1.0.attn1.to_k.weight,3400,49,169999,0.0007908680127002299,5.373387466534041e-05,4.8039630200946704e-05,0.0011537183308973908,0.00010321252193534747,0,False,0.0,0,0
fm,grad_norm/grad_2.0_norm/decoder.estimator.up_blocks.0.1.0.attn1.to_v.weight,3400,49,169999,0.005115633364766836,0.001226529711857438,0.0010705571621656418,0.016369976103305817,0.0036612498806789517,0,False,0.0,0,0
fm,grad_norm/grad_2.0_norm/decoder.estimator.up_blocks.0.1.0.attn1.to_out.0.weight,3400,49,169999,0.0022164739202708006,0.0003376353997737169,0.0003208906564395875,0.0022164739202708006,0.0006697025673929602,0,False,0.0,0,0
fm,grad_norm/grad_2.0_norm/decoder.estimator.up_blocks.0.1.0.attn1.to_out.0.bias,3400,49,169999,0.0005028149462305009,0.0002589654177427292,0.00021608162205666304,0.002542218193411827,0.0006622184591833502,0,False,0.0,0,0
fm,grad_norm/grad_2.0_norm/decoder.estimator.up_blocks.0.1.0.norm3.weight,3400,49,169999,0.000810016121249646,0.0004616087244357914,0.00028857888537459075,0.0031359533313661814,0.000640120473690331,0,False,0.0,0,0
fm,grad_norm/grad_2.0_norm/decoder.estimator.up_blocks.0.1.0.norm3.bias,3400,49,169999,0.001055983011610806,0.0006488638464361429,0.0004515541368164122,0.0035442430526018143,0.001074327330570668,0,False,0.0,0,0
fm,grad_norm/grad_2.0_norm/decoder.estimator.up_blocks.0.1.0.ff.net.0.alpha,3400,49,169999,0.0004608200106304139,0.0002929749898612499,0.00013607277651317418,0.002885894849896431,0.0008142432488966733,0,False,0.0,0,0
fm,grad_norm/grad_2.0_norm/decoder.estimator.up_blocks.0.1.0.ff.net.0.beta,3400,49,169999,0.0003702702815644443,0.0001998164807446301,0.00011155984248034656,0.0020162113942205906,0.0005649550876114517,0,False,0.0,0,0
fm,grad_norm/grad_2.0_norm/decoder.estimator.up_blocks.0.1.0.ff.net.0.proj.weight,3400,49,169999,0.004065433982759714,0.0006559537723660469,0.0006559537723660469,0.007441606838256121,0.0016169028240256011,0,False,0.0,0,0
fm,grad_norm/grad_2.0_norm/decoder.estimator.up_blocks.0.1.0.ff.net.0.proj.bias,3400,49,169999,0.000577444676309824,0.0002837988722603768,0.0002142123703379184,0.0017923013074323535,0.000555753824301064,0,False,0.0,0,0
fm,grad_norm/grad_2.0_norm/decoder.estimator.up_blocks.0.1.0.ff.net.2.weight,3400,49,169999,0.0059875729493796825,0.0009302057442255318,0.0008676900761201978,0.010164770297706127,0.002225352916866541,0,False,0.0,0,0
fm,grad_norm/grad_2.0_norm/decoder.estimator.up_blocks.0.1.0.ff.net.2.bias,3400,49,169999,0.0005783445085398853,0.00024240932543762028,0.00021992686379235238,0.0026423099916428328,0.000678445358062163,0,False,0.0,0,0
fm,grad_norm/grad_2.0_norm/decoder.estimator.up_blocks.0.2.conv.weight,3400,49,169999,0.02146562561392784,0.0033118068240582943,0.0033118068240582943,0.02463550679385662,0.00817449064925313,0,False,0.0,0,0
fm,grad_norm/grad_2.0_norm/decoder.estimator.up_blocks.0.2.conv.bias,3400,49,169999,0.0009093551198020577,0.00014804673264734447,0.00014735855802427977,0.002017611637711525,0.0005268657114356756,0,False,0.0,0,0
fm,grad_norm/grad_2.0_norm/decoder.estimator.up_blocks.1.0.mlp.1.weight,3400,49,169999,0.0077498964965343475,0.001680557383224368,0.001680557383224368,0.024342918768525124,0.0054440300446003675,0,False,0.0,0,0
fm,grad_norm/grad_2.0_norm/decoder.estimator.up_blocks.1.0.mlp.1.bias,3400,49,169999,0.002351148286834359,0.0009042586316354573,0.0009042586316354573,0.011943823657929897,0.002565604983828962,0,False,0.0,0,0
fm,grad_norm/grad_2.0_norm/decoder.estimator.up_blocks.1.0.block1.block.0.weight,3400,49,169999,0.011471911333501339,0.0013923139777034521,0.0013454216532409191,0.024340124800801277,0.0039061802672222257,0,False,0.0,0,0
fm,grad_norm/grad_2.0_norm/decoder.estimator.up_blocks.1.0.block1.block.0.bias,3400,49,169999,0.0002678248274605721,3.731453398359008e-05,3.6412318877410144e-05,0.0008024402195587754,0.00013917318574385718,0,False,0.0,0,0
fm,grad_norm/grad_2.0_norm/decoder.estimator.up_blocks.1.0.block1.block.2.weight,3400,49,169999,0.0013008022215217352,0.00033968922798521817,0.00033968922798521817,0.00452794972807169,0.0009970632963813841,0,False,0.0,0,0
fm,grad_norm/grad_2.0_norm/decoder.estimator.up_blocks.1.0.block1.block.2.bias,3400,49,169999,0.001415921375155449,0.0004876535676885396,0.0004500654467847198,0.006597687024623156,0.0012579829199239612,0,False,0.0,0,0
fm,grad_norm/grad_2.0_norm/decoder.estimator.up_blocks.1.0.block2.block.0.weight,3400,49,169999,0.010265535674989223,0.0013290179194882512,0.0013290179194882512,0.015556706115603447,0.003746711299754679,0,False,0.0,0,0
fm,grad_norm/grad_2.0_norm/decoder.estimator.up_blocks.1.0.block2.block.0.bias,3400,49,169999,0.0011230792151764035,0.00023692891409154981,0.00023692891409154981,0.0029449311550706625,0.0007483326189685613,0,False,0.0,0,0
fm,grad_norm/grad_2.0_norm/decoder.estimator.up_blocks.1.0.block2.block.2.weight,3400,49,169999,0.00095443578902632,0.00014792177535127848,0.0001352485705865547,0.00246047112159431,0.0005039307870902121,0,False,0.0,0,0
fm,grad_norm/grad_2.0_norm/decoder.estimator.up_blocks.1.0.block2.block.2.bias,3400,49,169999,0.0011414153268560767,0.00022644926502835006,0.00022644926502835006,0.003352290252223611,0.0008350131683982909,0,False,0.0,0,0
fm,grad_norm/grad_2.0_norm/decoder.estimator.up_blocks.1.0.res_conv.weight,3400,49,169999,0.037095338106155396,0.005503781605511904,0.005503781605511904,0.08967567980289459,0.017159653827548027,0,False,0.0,0,0
fm,grad_norm/grad_2.0_norm/decoder.estimator.up_blocks.1.0.res_conv.bias,3400,49,169999,0.0014316703891381621,0.00026824811357073486,0.00026547061861492693,0.00558270700275898,0.0010773991234600544,0,False,0.0,0,0
fm,grad_norm/grad_2.0_norm/decoder.estimator.up_blocks.1.1.0.norm1.weight,3400,49,169999,0.0013862720225006342,0.00015449598140548915,0.00012631164281629026,0.0034046319779008627,0.0006314359197858721,0,False,0.0,0,0
fm,grad_norm/grad_2.0_norm/decoder.estimator.up_blocks.1.1.0.norm1.bias,3400,49,169999,0.0018488670466467738,0.00045294154551811516,0.0003986991650890559,0.005079253111034632,0.0013860467006452382,0,False,0.0,0,0
fm,grad_norm/grad_2.0_norm/decoder.estimator.up_blocks.1.1.0.attn1.to_q.weight,3400,49,169999,0.0008166733314283192,7.396242290269583e-05,6.216328620212153e-05,0.0016156388446688652,0.00020986107119824737,0,False,0.0,0,0
fm,grad_norm/grad_2.0_norm/decoder.estimator.up_blocks.1.1.0.attn1.to_k.weight,3400,49,169999,0.0007377297151833773,9.378412505611777e-05,8.155683462973684e-05,0.0007377297151833773,0.00023064617562340572,0,False,0.0,0,0
fm,grad_norm/grad_2.0_norm/decoder.estimator.up_blocks.1.1.0.attn1.to_v.weight,3400,49,169999,0.016466710716485977,0.0011556964600458741,0.0011556964600458741,0.039676785469055176,0.00599115714430809,0,False,0.0,0,0
fm,grad_norm/grad_2.0_norm/decoder.estimator.up_blocks.1.1.0.attn1.to_out.0.weight,3400,49,169999,0.005822713486850262,0.00039612388354726136,0.00033416389487683773,0.005822713486850262,0.0009256618504878134,0,False,0.0,0,0
fm,grad_norm/grad_2.0_norm/decoder.estimator.up_blocks.1.1.0.attn1.to_out.0.bias,3400,49,169999,0.0016055783489719033,0.0003287976433057338,0.0003287976433057338,0.00575469434261322,0.0012981414911337197,0,False,0.0,0,0
fm,grad_norm/grad_2.0_norm/decoder.estimator.up_blocks.1.1.0.norm3.weight,3400,49,169999,0.0010305808391422033,0.00036903636646457016,0.00032076489878818393,0.005366744473576546,0.0010171477915719151,0,False,0.0,0,0
fm,grad_norm/grad_2.0_norm/decoder.estimator.up_blocks.1.1.0.norm3.bias,3400,49,169999,0.0013973908498883247,0.0006200901116244495,0.0005897351657040417,0.006253831088542938,0.0014147958136163652,0,False,0.0,0,0
fm,grad_norm/grad_2.0_norm/decoder.estimator.up_blocks.1.1.0.ff.net.0.alpha,3400,49,169999,0.0005507721798494458,0.00030335941119119525,0.00019546670955605805,0.0030605110805481672,0.0008787547412794083,0,False,0.0,0,0
fm,grad_norm/grad_2.0_norm/decoder.estimator.up_blocks.1.1.0.ff.net.0.beta,3400,49,169999,0.0004044680390506983,0.0001983505062526092,0.00013650183973368257,0.0020084779243916273,0.0005860218079760671,0,False,0.0,0,0
fm,grad_norm/grad_2.0_norm/decoder.estimator.up_blocks.1.1.0.ff.net.0.proj.weight,3400,49,169999,0.005943357944488525,0.0007717603584751487,0.0007717603584751487,0.022178811952471733,0.0023477207869291306,0,False,0.0,0,0
fm,grad_norm/grad_2.0_norm/decoder.estimator.up_blocks.1.1.0.ff.net.0.proj.bias,3400,49,169999,0.0006876931292936206,0.00031479084282182157,0.0003032785898540169,0.0025418978184461594,0.0007222996791824698,0,False,0.0,0,0
fm,grad_norm/grad_2.0_norm/decoder.estimator.up_blocks.1.1.0.ff.net.2.weight,3400,49,169999,0.012765607796609402,0.0006948765949346125,0.0006698659854009748,0.021542740985751152,0.001960275461897254,0,False,0.0,0,0
fm,grad_norm/grad_2.0_norm/decoder.estimator.up_blocks.1.1.0.ff.net.2.bias,3400,49,169999,0.0015251211589202285,0.0003291525354143232,0.0003291525354143232,0.00634742621332407,0.0013352815876714885,0,False,0.0,0,0
fm,grad_norm/grad_2.0_norm/decoder.estimator.up_blocks.1.2.weight,3400,49,169999,0.0446687787771225,0.00672829058021307,0.006381101906299591,0.1337563693523407,0.02554919198155403,0,False,0.0,0,0
fm,grad_norm/grad_2.0_norm/decoder.estimator.up_blocks.1.2.bias,3400,49,169999,0.0007887583342380822,6.06886314926669e-05,6.06886314926669e-05,0.0021732430905103683,0.0003111788973910734,0,False,0.0,0,0
fm,grad_norm/grad_2.0_norm/decoder.estimator.final_block.block.0.weight,3400,49,169999,0.04193205386400223,0.004130201879888773,0.004130201879888773,0.09175918996334076,0.01689729653298855,0,False,0.0,0,0
fm,grad_norm/grad_2.0_norm/decoder.estimator.final_block.block.0.bias,3400,49,169999,0.00046439634752459824,1.9443392375251278e-05,1.9443392375251278e-05,0.0014018360525369644,0.00012041888840030879,0,False,0.0,0,0
fm,grad_norm/grad_2.0_norm/decoder.estimator.final_block.block.2.weight,3400,49,169999,0.007461438421159983,0.001491906470619142,0.001487167552113533,0.022130100056529045,0.0051335005555301905,0,False,0.0,0,0
fm,grad_norm/grad_2.0_norm/decoder.estimator.final_block.block.2.bias,3400,49,169999,0.010297050699591637,0.0022259557154029608,0.002086515538394451,0.03428448736667633,0.007279826560989022,0,False,0.0,0,0
fm,grad_norm/grad_2.0_norm/decoder.estimator.final_proj.weight,3400,49,169999,0.08629158139228821,0.017550256103277206,0.017550256103277206,0.2020891308784485,0.05803506448864937,0,False,0.0,0,0
fm,grad_norm/grad_2.0_norm/decoder.estimator.final_proj.bias,3400,49,169999,0.005651793908327818,0.0008886142750270665,0.0008886142750270665,0.010657262988388538,0.0030822576954960823,0,False,0.0,0,0
fm,grad_norm/grad_2.0_norm/decoder.encoder.embed.out.0.weight,3400,49,169999,0.016914205625653267,0.015281159430742264,0.0070569198578596115,0.09698610007762909,0.02336546778678894,0,False,0.0,0,0
fm,grad_norm/grad_2.0_norm/decoder.encoder.embed.out.0.bias,3400,49,169999,0.00326804188080132,0.002622083527967334,0.0012004905147477984,0.019881226122379303,0.0042727726977318525,0,False,0.0,0,0
fm,grad_norm/grad_2.0_norm/decoder.encoder.embed.out.1.weight,3400,49,169999,0.0003413618542253971,0.0003509295347612351,0.00012426557077560574,0.0021017659455537796,0.0003236363409087062,0,False,0.0,0,0
fm,grad_norm/grad_2.0_norm/decoder.encoder.embed.out.1.bias,3400,49,169999,0.00047225659363903105,0.0012051077792420983,0.00020093990315217525,0.005369978025555611,0.0012948711519129574,0,False,0.0,0,0
fm,grad_norm/grad_2.0_norm/decoder.encoder.after_norm.weight,3400,49,169999,0.005026337690651417,0.0009836395038291812,0.00030288632842712104,0.008900962769985199,0.001648454403039068,0,False,0.0,0,0
fm,grad_norm/grad_2.0_norm/decoder.encoder.after_norm.bias,3400,49,169999,0.004105066414922476,0.0011710731778293848,0.0007082649390213192,0.012453880161046982,0.0026283975457772613,0,False,0.0,0,0
fm,grad_norm/grad_2.0_norm/decoder.encoder.pre_lookahead_layer.conv1.weight,3400,49,169999,0.001505890628322959,0.0007865517982281744,0.0005340035422705114,0.0076763522811234,0.0015898310812190175,0,False,0.0,0,0
fm,grad_norm/grad_2.0_norm/decoder.encoder.pre_lookahead_layer.conv1.bias,3400,49,169999,8.045169124670792e-06,2.659664642123971e-05,4.426246050570626e-06,0.0001340817252639681,2.6665334189601708e-05,0,False,0.0,0,0
fm,grad_norm/grad_2.0_norm/decoder.encoder.pre_lookahead_layer.conv2.weight,3400,49,169999,0.008260673843324184,0.001813774462789297,0.0013406017096713185,0.024312566965818405,0.0035862692166119814,0,False,0.0,0,0
fm,grad_norm/grad_2.0_norm/decoder.encoder.pre_lookahead_layer.conv2.bias,3400,49,169999,8.361134860024322e-06,1.4211654161044862e-05,2.7394009975978406e-06,6.749006570316851e-05,1.3412654425337678e-05,0,False,0.0,0,0
fm,grad_norm/grad_2.0_norm/decoder.encoder.encoders.0.self_attn.pos_bias_u,3400,49,169999,1.9720794171007583e-06,1.7597067198948935e-05,1.210064738188521e-06,0.00026461188099347055,1.821228852350032e-05,0,False,0.0,0,0
fm,grad_norm/grad_2.0_norm/decoder.encoder.encoders.0.self_attn.pos_bias_v,3400,49,169999,1.8702187389862956e-06,1.5906514818198048e-05,1.1205014516235678e-06,0.0001463725493522361,1.2064702787029091e-05,0,False,0.0,0,0
fm,grad_norm/grad_2.0_norm/decoder.encoder.encoders.0.self_attn.linear_q.weight,3400,49,169999,2.5756677132449113e-05,8.10418714536354e-05,2.5355720936204307e-05,0.002259917324408889,0.00011765049930545501,0,False,0.0,0,0
fm,grad_norm/grad_2.0_norm/decoder.encoder.encoders.0.self_attn.linear_q.bias,3400,49,169999,2.372228436797741e-06,1.1809184798039496e-05,2.372228436797741e-06,0.00025701403501443565,1.4556158930645324e-05,0,False,0.0,0,0
fm,grad_norm/grad_2.0_norm/decoder.encoder.encoders.0.self_attn.linear_k.weight,3400,49,169999,3.319776078569703e-05,4.934331082040444e-05,1.6634932762826793e-05,0.0016078916378319263,8.236376379500143e-05,0,False,0.0,0,0
fm,grad_norm/grad_2.0_norm/decoder.encoder.encoders.0.self_attn.linear_k.bias,3400,49,169999,3.050479202570955e-09,2.123494091677003e-08,3.050479202570955e-09,7.539289015312534e-08,1.508561098262362e-08,0,False,0.0,0,0
fm,grad_norm/grad_2.0_norm/decoder.encoder.encoders.0.self_attn.linear_v.weight,3400,49,169999,5.61663655389566e-05,0.00019655824871733785,3.3105985494330525e-05,0.002029762137681246,0.00021499884314835072,0,False,0.0,0,0
fm,grad_norm/grad_2.0_norm/decoder.encoder.encoders.0.self_attn.linear_v.bias,3400,49,169999,5.702931503037689e-06,3.171552452840842e-05,3.3694830108288443e-06,0.00022038949828129262,2.7761232558987103e-05,0,False,0.0,0,0
fm,grad_norm/grad_2.0_norm/decoder.encoder.encoders.0.self_attn.linear_out.weight,3400,49,169999,4.531215381575748e-05,0.00011612231901381165,1.5079366676218342e-05,0.000614189833868295,0.00011215932681807317,0,False,0.0,0,0
fm,grad_norm/grad_2.0_norm/decoder.encoder.encoders.0.self_attn.linear_out.bias,3400,49,169999,8.332604920724407e-06,1.456430800317321e-05,2.7773571673606057e-06,6.862670124974102e-05,1.3509381005860632e-05,0,False,0.0,0,0
fm,grad_norm/grad_2.0_norm/decoder.encoder.encoders.0.self_attn.linear_pos.weight,3400,49,169999,1.8638611436472274e-05,4.190364052192308e-05,1.355999120278284e-05,0.0008547381148673594,6.362331259879284e-05,0,False,0.0,0,0
fm,grad_norm/grad_2.0_norm/decoder.encoder.encoders.0.feed_forward.w_1.weight,3400,49,169999,3.789180118474178e-05,0.000174584798514843,1.2694159522652626e-05,0.00048364378744736314,0.00011175854888278991,0,False,0.0,0,0
fm,grad_norm/grad_2.0_norm/decoder.encoder.encoders.0.feed_forward.w_1.bias,3400,49,169999,4.013203579233959e-06,1.7752616258803755e-05,1.3346760852073203e-06,5.9846155636478215e-05,1.3915583622292615e-05,0,False,0.0,0,0
fm,grad_norm/grad_2.0_norm/decoder.encoder.encoders.0.feed_forward.w_2.weight,3400,49,169999,2.060384395008441e-05,0.00015179104229900986,9.897979907691479e-06,0.0002759643830358982,5.236732613411732e-05,0,False,0.0,0,0
fm,grad_norm/grad_2.0_norm/decoder.encoder.encoders.0.feed_forward.w_2.bias,3400,49,169999,8.377297490369529e-06,1.5053376955620479e-05,2.813475475704763e-06,7.16677968739532e-05,1.3778727407043334e-05,0,False,0.0,0,0
fm,grad_norm/grad_2.0_norm/decoder.encoder.encoders.0.norm_ff.weight,3400,49,169999,8.905485628929455e-06,2.974698509206064e-05,4.764521236211294e-06,9.336812945548445e-05,2.097095966746565e-05,0,False,0.0,0,0
fm,grad_norm/grad_2.0_norm/decoder.encoder.encoders.0.norm_ff.bias,3400,49,169999,1.0590011697786395e-05,5.0675465899985284e-05,3.4266024613316404e-06,0.000332123163389042,5.803831481898669e-05,0,False,0.0,0,0
fm,grad_norm/grad_2.0_norm/decoder.encoder.encoders.0.norm_mha.weight,3400,49,169999,7.372017535089981e-06,2.9633030862896703e-05,4.862213700107532e-06,0.000482002244098112,4.096244265383575e-05,0,False,0.0,0,0
fm,grad_norm/grad_2.0_norm/decoder.encoder.encoders.0.norm_mha.bias,3400,49,169999,9.713520739751402e-06,0.0001215251031680964,9.713520739751402e-06,0.0014307027449831367,0.00011318907490931451,0,False,0.0,0,0
fm,grad_norm/grad_2.0_norm/decoder.encoder.encoders.1.self_attn.pos_bias_u,3400,49,169999,3.6910064409312326e-06,1.7323915017186664e-05,7.180298666753515e-07,9.030110231833532e-05,9.955123914551223e-06,0,False,0.0,0,0
fm,grad_norm/grad_2.0_norm/decoder.encoder.encoders.1.self_attn.pos_bias_v,3400,49,169999,2.618614644234185e-06,1.7467764337197877e-05,9.298059353568533e-07,7.78656976763159e-05,8.440019882982597e-06,0,False,0.0,0,0
fm,grad_norm/grad_2.0_norm/decoder.encoder.encoders.1.self_attn.linear_q.weight,3400,49,169999,4.1102946852333844e-05,0.00012116930884076282,9.967815458367113e-06,0.0006244705873541534,8.88069007487502e-05,0,False,0.0,0,0
fm,grad_norm/grad_2.0_norm/decoder.encoder.encoders.1.self_attn.linear_q.bias,3400,49,169999,4.024672762170667e-06,1.9797753338934854e-05,9.353500445286045e-07,8.32853838801384e-05,1.2332810456427978e-05,0,False,0.0,0,0
fm,grad_norm/grad_2.0_norm/decoder.encoder.encoders.1.self_attn.linear_k.weight,3400,49,169999,3.4314645745325834e-05,6.877139094285667e-05,1.136841001425637e-05,0.0003386411408428103,5.592699017142877e-05,0,False,0.0,0,0
fm,grad_norm/grad_2.0_norm/decoder.encoder.encoders.1.self_attn.linear_k.bias,3400,49,169999,3.675700632754797e-09,7.986066030696293e-09,2.1380786030533727e-09,2.175773339274656e-08,7.713627514505106e-09,0,False,0.0,0,0
fm,grad_norm/grad_2.0_norm/decoder.encoder.encoders.1.self_attn.linear_v.weight,3400,49,169999,8.94134136615321e-05,0.00015539130254182965,2.791865153994877e-05,0.0012094374978914857,0.00020875488553429022,0,False,0.0,0,0
fm,grad_norm/grad_2.0_norm/decoder.encoder.encoders.1.self_attn.linear_v.bias,3400,49,169999,9.129918908001855e-06,2.737880095082801e-05,2.7995306481898297e-06,0.00014609906065743417,3.0067989428061992e-05,0,False,0.0,0,0
fm,grad_norm/grad_2.0_norm/decoder.encoder.encoders.1.self_attn.linear_out.weight,3400,49,169999,4.064544555149041e-05,7.915828609839082e-05,1.5301155144697987e-05,0.000184247488505207,4.867520692641847e-05,0,False,0.0,0,0
fm,grad_norm/grad_2.0_norm/decoder.encoder.encoders.1.self_attn.linear_out.bias,3400,49,169999,8.401801096624695e-06,1.3907389075029641e-05,2.7135774871567264e-06,6.678617501165718e-05,1.33505941448675e-05,0,False,0.0,0,0
fm,grad_norm/grad_2.0_norm/decoder.encoder.encoders.1.self_attn.linear_pos.weight,3400,49,169999,2.9628527045133524e-05,5.544588930206373e-05,1.0117379133589566e-05,0.000263998779701069,4.0443812395096757e-05,0,False,0.0,0,0
fm,grad_norm/grad_2.0_norm/decoder.encoder.encoders.1.feed_forward.w_1.weight,3400,49,169999,3.977358210249804e-05,0.00015754597552586347,1.303755198023282e-05,0.0004449028638191521,0.00010192301488132216,0,False,0.0,0,0
fm,grad_norm/grad_2.0_norm/decoder.encoder.encoders.1.feed_forward.w_1.bias,3400,49,169999,4.216737579554319e-06,1.6850492102093995e-05,1.374483190375031e-06,5.3833937272429466e-05,1.2428502941475017e-05,0,False,0.0,0,0
fm,grad_norm/grad_2.0_norm/decoder.encoder.encoders.1.feed_forward.w_2.weight,3400,49,169999,2.108593616867438e-05,0.00014928406744729728,9.889476132229902e-06,0.0002449501189403236,4.763360630022362e-05,0,False,0.0,0,0
fm,grad_norm/grad_2.0_norm/decoder.encoder.encoders.1.feed_forward.w_2.bias,3400,49,169999,8.357145816262346e-06,1.4370134522323497e-05,2.7930582291446626e-06,6.977441080380231e-05,1.3597872111859033e-05,0,False,0.0,0,0
fm,grad_norm/grad_2.0_norm/decoder.encoder.encoders.1.norm_ff.weight,3400,49,169999,9.864448657026514e-06,2.2346479454427026e-05,5.23259677720489e-06,8.979407721199095e-05,2.126488834619522e-05,0,False,0.0,0,0
fm,grad_norm/grad_2.0_norm/decoder.encoder.encoders.1.norm_ff.bias,3400,49,169999,1.1900027857336681e-05,5.3840820328332484e-05,3.7505094496737e-06,0.00027737682103179395,4.6272369218058884e-05,0,False,0.0,0,0
fm,grad_norm/grad_2.0_norm/decoder.encoder.encoders.1.norm_mha.weight,3400,49,169999,1.2996986697544344e-05,3.757069862331264e-05,5.350892024580389e-06,0.0001261035504285246,2.880754527723184e-05,0,False,0.0,0,0
fm,grad_norm/grad_2.0_norm/decoder.encoder.encoders.1.norm_mha.bias,3400,49,169999,1.7580714484211057e-05,0.00012082188186468557,6.3384782151842955e-06,0.0010432968847453594,0.00013640114048030227,0,False,0.0,0,0
fm,grad_norm/grad_2.0_norm/decoder.encoder.encoders.2.self_attn.pos_bias_u,3400,49,169999,2.5537303827150026e-06,1.4403452951228246e-05,5.878005708837009e-07,5.225665518082678e-05,1.086736801880761e-05,0,False,0.0,0,0
fm,grad_norm/grad_2.0_norm/decoder.encoder.encoders.2.self_attn.pos_bias_v,3400,49,169999,7.790922609274276e-06,1.7382375517627224e-05,9.813522865442792e-07,4.3011670641135424e-05,1.105675892176805e-05,0,False,0.0,0,0
fm,grad_norm/grad_2.0_norm/decoder.encoder.encoders.2.self_attn.linear_q.weight,3400,49,169999,6.971832044655457e-05,0.00016439204046037048,1.727642484183889e-05,0.0005036102375015616,0.00011230717791477218,0,False,0.0,0,0
fm,grad_norm/grad_2.0_norm/decoder.encoder.encoders.2.self_attn.linear_q.bias,3400,49,169999,7.035846010694513e-06,2.363323983445298e-05,1.674126110629004e-06,5.357095869840123e-05,1.5207107935566455e-05,0,False,0.0,0,0
fm,grad_norm/grad_2.0_norm/decoder.encoder.encoders.2.self_attn.linear_k.weight,3400,49,169999,3.1076047889655456e-05,9.454280370846391e-05,1.0826129255292471e-05,0.0002431158791296184,4.891244861937594e-05,0,False,0.0,0,0
fm,grad_norm/grad_2.0_norm/decoder.encoder.encoders.2.self_attn.linear_k.bias,3400,49,169999,8.679305274483795e-09,3.061212439092742e-08,3.4264557857710543e-09,3.832552408766787e-08,1.1391317666920031e-08,0,False,0.0,0,0
fm,grad_norm/grad_2.0_norm/decoder.encoder.encoders.2.self_attn.linear_v.weight,3400,49,169999,9.04976695892401e-05,0.00020177300029899925,3.822181315626949e-05,0.0011428955476731062,0.00023947127920109779,0,False,0.0,0,0
fm,grad_norm/grad_2.0_norm/decoder.encoder.encoders.2.self_attn.linear_v.bias,3400,49,169999,9.100584065890871e-06,3.6096964322496206e-05,3.465576128292014e-06,0.00014559437113348395,3.4455271816113964e-05,0,False,0.0,0,0
fm,grad_norm/grad_2.0_norm/decoder.encoder.encoders.2.self_attn.linear_out.weight,3400,49,169999,4.067851114086807e-05,8.226939826272428e-05,1.8637590983416885e-05,0.0001579748495714739,4.8791514927870594e-05,0,False,0.0,0,0
fm,grad_norm/grad_2.0_norm/decoder.encoder.encoders.2.self_attn.linear_out.bias,3400,49,169999,8.41785004013218e-06,1.5372172128991224e-05,2.8202055091242073e-06,7.12128312443383e-05,1.3906833828514209e-05,0,False,0.0,0,0
fm,grad_norm/grad_2.0_norm/decoder.encoder.encoders.2.self_attn.linear_pos.weight,3400,49,169999,5.7943110732594505e-05,0.00010573936015134677,1.4424823348235805e-05,0.0001568800798850134,4.3228241338511e-05,0,False,0.0,0,0
fm,grad_norm/grad_2.0_norm/decoder.encoder.encoders.2.feed_forward.w_1.weight,3400,49,169999,4.303859896026552e-05,0.00015833177894819528,1.3173921615816653e-05,0.000477014749776572,0.00010931761062238365,0,False,0.0,0,0
fm,grad_norm/grad_2.0_norm/decoder.encoder.encoders.2.feed_forward.w_1.bias,3400,49,169999,4.568629719869932e-06,1.8068367353407666e-05,1.3886439091947977e-06,5.7546149037079886e-05,1.3423394193523563e-05,0,False,0.0,0,0
fm,grad_norm/grad_2.0_norm/decoder.encoder.encoders.2.feed_forward.w_2.weight,3400,49,169999,2.0367864635773003e-05,0.00013040078920312226,9.621387107472401e-06,0.000230422243475914,4.703369449998718e-05,0,False,0.0,0,0
fm,grad_norm/grad_2.0_norm/decoder.encoder.encoders.2.feed_forward.w_2.bias,3400,49,169999,8.407338100369088e-06,1.5744979464216158e-05,2.7614082682703156e-06,7.358549191849306e-05,1.4283884866017615e-05,0,False,0.0,0,0
fm,grad_norm/grad_2.0_norm/decoder.encoder.encoders.2.norm_ff.weight,3400,49,169999,1.1162785085616633e-05,2.521852366044186e-05,5.398121174948756e-06,0.00010046012903330848,2.289580152137205e-05,0,False,0.0,0,0
fm,grad_norm/grad_2.0_norm/decoder.encoder.encoders.2.norm_ff.bias,3400,49,169999,1.3589338777819648e-05,6.19644924881868e-05,3.699742819662788e-06,0.00030126707861199975,5.260259786155075e-05,0,False,0.0,0,0
fm,grad_norm/grad_2.0_norm/decoder.encoder.encoders.2.norm_mha.weight,3400,49,169999,1.6942603906500153e-05,4.451609493116848e-05,7.539279977208935e-06,9.270333976019174e-05,2.8523511900857557e-05,0,False,0.0,0,0
fm,grad_norm/grad_2.0_norm/decoder.encoder.encoders.2.norm_mha.bias,3400,49,169999,4.238952897139825e-05,0.00019263129797764122,1.1372463632142171e-05,0.0006464854814112186,0.00015085191262187436,0,False,0.0,0,0
fm,grad_norm/grad_2.0_norm/decoder.encoder.encoders.3.self_attn.pos_bias_u,3400,49,169999,4.557830834528431e-06,1.2605112715391442e-05,4.747160744500434e-07,0.000163130447617732,1.4431730505748419e-05,0,False,0.0,0,0
fm,grad_norm/grad_2.0_norm/decoder.encoder.encoders.3.self_attn.pos_bias_v,3400,49,169999,4.2897499952232465e-06,1.1800671927630901e-05,7.385354479083617e-07,8.127129694912583e-05,1.041828636516584e-05,0,False,0.0,0,0
fm,grad_norm/grad_2.0_norm/decoder.encoder.encoders.3.self_attn.linear_q.weight,3400,49,169999,5.900651012780145e-05,0.00011777723557315767,1.2844760931329802e-05,0.0015528439544141293,0.00014369942800840363,0,False,0.0,0,0
fm,grad_norm/grad_2.0_norm/decoder.encoder.encoders.3.self_attn.linear_q.bias,3400,49,169999,5.841996880917577e-06,1.5176094166235998e-05,1.168666699413734e-06,0.0001776481221895665,1.7819658751250245e-05,0,False,0.0,0,0
fm,grad_norm/grad_2.0_norm/decoder.encoder.encoders.3.self_attn.linear_k.weight,3400,49,169999,6.325938738882542e-05,8.089557377388701e-05,8.482627890771255e-06,0.0004779300361406058,6.58719836792443e-05,0,False,0.0,0,0
fm,grad_norm/grad_2.0_norm/decoder.encoder.encoders.3.self_attn.linear_k.bias,3400,49,169999,4.897050320806784e-09,1.3253324659956434e-08,2.331577153569242e-09,3.517017788112753e-08,9.439630410668087e-09,0,False,0.0,0,0
fm,grad_norm/grad_2.0_norm/decoder.encoder.encoders.3.self_attn.linear_v.weight,3400,49,169999,7.988953439053148e-05,0.00020459725055843592,2.5145558538497426e-05,0.0015707971761003137,0.00026714670821093023,0,False,0.0,0,0
fm,grad_norm/grad_2.0_norm/decoder.encoder.encoders.3.self_attn.linear_v.bias,3400,49,169999,7.981597264006268e-06,2.9389786504907534e-05,2.425428192509571e-06,0.00018084075418300927,3.322184784337878e-05,0,False,0.0,0,0
fm,grad_norm/grad_2.0_norm/decoder.encoder.encoders.3.self_attn.linear_out.weight,3400,49,169999,4.0023354813456535e-05,6.892482633702457e-05,1.8268408894073218e-05,0.00018646707758307457,4.908148184767924e-05,0,False,0.0,0,0
fm,grad_norm/grad_2.0_norm/decoder.encoder.encoders.3.self_attn.linear_out.bias,3400,49,169999,8.404564141528681e-06,1.496675940870773e-05,2.8663239390880335e-06,7.310025830520317e-05,1.3997283531352878e-05,0,False,0.0,0,0
fm,grad_norm/grad_2.0_norm/decoder.encoder.encoders.3.self_attn.linear_pos.weight,3400,49,169999,5.418748332886025e-05,5.35447834408842e-05,1.2147029337938875e-05,0.00027247966499999166,5.163785317563452e-05,0,False,0.0,0,0
fm,grad_norm/grad_2.0_norm/decoder.encoder.encoders.3.feed_forward.w_1.weight,3400,49,169999,4.1993262129835784e-05,0.0001487906411057338,1.386226540489588e-05,0.0005069769686087966,0.00011307866225251928,0,False,0.0,0,0
fm,grad_norm/grad_2.0_norm/decoder.encoder.encoders.3.feed_forward.w_1.bias,3400,49,169999,4.449784682947211e-06,1.75623717950657e-05,1.461245005884848e-06,6.477320130215958e-05,1.372872384308721e-05,0,False,0.0,0,0
fm,grad_norm/grad_2.0_norm/decoder.encoder.encoders.3.feed_forward.w_2.weight,3400,49,169999,1.937176966748666e-05,0.00012622894428204745,9.275409865949769e-06,0.00024050353385973722,4.7068524509086274e-05,0,False,0.0,0,0
fm,grad_norm/grad_2.0_norm/decoder.encoder.encoders.3.feed_forward.w_2.bias,3400,49,169999,8.360332685697358e-06,1.583420453243889e-05,2.8120289243815932e-06,7.774464029353112e-05,1.4356319297803566e-05,0,False,0.0,0,0
fm,grad_norm/grad_2.0_norm/decoder.encoder.encoders.3.norm_ff.weight,3400,49,169999,9.959454473573714e-06,1.991748285945505e-05,6.010730885464e-06,9.518559090793133e-05,2.5044441827049013e-05,0,False,0.0,0,0
fm,grad_norm/grad_2.0_norm/decoder.encoder.encoders.3.norm_ff.bias,3400,49,169999,1.2943662113684695e-05,5.590555883827619e-05,4.045080004289048e-06,0.0003124851209577173,5.5171682106447406e-05,0,False,0.0,0,0
fm,grad_norm/grad_2.0_norm/decoder.encoder.encoders.3.norm_mha.weight,3400,49,169999,1.4257559087127447e-05,3.56088530679699e-05,4.612142674886854e-06,0.00020987952302675694,3.6084667954128236e-05,0,False,0.0,0,0
fm,grad_norm/grad_2.0_norm/decoder.encoder.encoders.3.norm_mha.bias,3400,49,169999,4.229657133691944e-05,9.259091166313738e-05,9.923744073603302e-06,0.0010422597406432033,0.0001473466181778349,0,False,0.0,0,0
fm,grad_norm/grad_2.0_norm/decoder.encoder.encoders.4.self_attn.pos_bias_u,3400,49,169999,1.5953723959682975e-06,1.5744028132758103e-05,6.869777848805825e-07,7.077977352309972e-05,1.0858478162845131e-05,0,False,0.0,0,0
fm,grad_norm/grad_2.0_norm/decoder.encoder.encoders.4.self_attn.pos_bias_v,3400,49,169999,3.475269750197185e-06,1.534446892037522e-05,1.4033064417162677e-06,3.840205317828804e-05,7.917039056337671e-06,0,False,0.0,0,0
fm,grad_norm/grad_2.0_norm/decoder.encoder.encoders.4.self_attn.linear_q.weight,3400,49,169999,4.492333027883433e-05,0.00015710678417235613,1.7928670786204748e-05,0.0005335120367817581,0.00011327074025757611,0,False,0.0,0,0
fm,grad_norm/grad_2.0_norm/decoder.encoder.encoders.4.self_attn.linear_q.bias,3400,49,169999,4.441712462721625e-06,1.9701064957189374e-05,1.7019151528074872e-06,6.268079596338794e-05,1.2739368685288355e-05,0,False,0.0,0,0
fm,grad_norm/grad_2.0_norm/decoder.encoder.encoders.4.self_attn.linear_k.weight,3400,49,169999,2.421823410259094e-05,5.806324043078348e-05,1.06835841506836e-05,0.00036871855263598263,5.607388993666973e-05,0,False,0.0,0,0
fm,grad_norm/grad_2.0_norm/decoder.encoder.encoders.4.self_attn.linear_k.bias,3400,49,169999,3.314285956790286e-09,1.4226500866243441e-08,2.9196032258482774e-09,4.805153608344881e-08,1.3135496246263756e-08,0,False,0.0,0,0
fm,grad_norm/grad_2.0_norm/decoder.encoder.encoders.4.self_attn.linear_v.weight,3400,49,169999,6.53259630780667e-05,0.0002535467210691422,3.828772241831757e-05,0.002085624262690544,0.00030327682907227427,0,False,0.0,0,0
fm,grad_norm/grad_2.0_norm/decoder.encoder.encoders.4.self_attn.linear_v.bias,3400,49,169999,6.43503017272451e-06,3.264338738517836e-05,3.787326249948819e-06,0.0002303673536516726,3.490470226097386e-05,0,False,0.0,0,0
fm,grad_norm/grad_2.0_norm/decoder.encoder.encoders.4.self_attn.linear_out.weight,3400,49,169999,4.204355354886502e-05,0.00011278008605586365,1.880435593193397e-05,0.0004720926226582378,9.340876204078086e-05,0,False,0.0,0,0
fm,grad_norm/grad_2.0_norm/decoder.encoder.encoders.4.self_attn.linear_out.bias,3400,49,169999,8.382588021049742e-06,1.5778523447806947e-05,2.823386921591009e-06,7.366734644165263e-05,1.4175711839925498e-05,0,False,0.0,0,0
fm,grad_norm/grad_2.0_norm/decoder.encoder.encoders.4.self_attn.linear_pos.weight,3400,49,169999,2.2074631488067098e-05,6.689164001727477e-05,1.2613744729605969e-05,0.0003448347852099687,4.586950126395095e-05,0,False,0.0,0,0
fm,grad_norm/grad_2.0_norm/decoder.encoder.encoders.4.feed_forward.w_1.weight,3400,49,169999,4.3449061195133254e-05,0.00017199252033606172,1.4260976058722008e-05,0.0005167725612409413,0.00012195964518468827,0,False,0.0,0,0
fm,grad_norm/grad_2.0_norm/decoder.encoder.encoders.4.feed_forward.w_1.bias,3400,49,169999,4.5945826059323736e-06,2.041603875113651e-05,1.5003428188720136e-06,6.44956307951361e-05,1.4786767678742763e-05,0,False,0.0,0,0
fm,grad_norm/grad_2.0_norm/decoder.encoder.encoders.4.feed_forward.w_2.weight,3400,49,169999,2.075417978630867e-05,0.00012382071872707456,9.597991265763994e-06,0.0002226006763521582,4.622018968802877e-05,0,False,0.0,0,0
fm,grad_norm/grad_2.0_norm/decoder.encoder.encoders.4.feed_forward.w_2.bias,3400,49,169999,8.419076948484872e-06,1.6779638826847076e-05,2.7553037398320157e-06,7.810127863194793e-05,1.4610602647735504e-05,0,False,0.0,0,0
fm,grad_norm/grad_2.0_norm/decoder.encoder.encoders.4.norm_ff.weight,3400,49,169999,1.0035217201220803e-05,3.903720426023938e-05,6.178701823955635e-06,0.00013319340359885246,2.768268677755259e-05,0,False,0.0,0,0
fm,grad_norm/grad_2.0_norm/decoder.encoder.encoders.4.norm_ff.bias,3400,49,169999,1.3769744327873923e-05,7.461165660060942e-05,4.46405556431273e-06,0.00035156882950104773,6.285250128712505e-05,0,False,0.0,0,0
fm,grad_norm/grad_2.0_norm/decoder.encoder.encoders.4.norm_mha.weight,3400,49,169999,6.367651621985715e-06,2.9534312488976866e-05,6.367651621985715e-06,0.0002956724201794714,4.2143881728406996e-05,0,False,0.0,0,0
fm,grad_norm/grad_2.0_norm/decoder.encoder.encoders.4.norm_mha.bias,3400,49,169999,1.6387592040700838e-05,0.00014163531886879355,1.129481643147301e-05,0.0013638460077345371,0.00017881094390759245,0,False,0.0,0,0
fm,grad_norm/grad_2.0_norm/decoder.encoder.encoders.5.self_attn.pos_bias_u,3400,49,169999,1.411168113918393e-06,1.4263481716625392e-05,5.857701808054117e-07,0.0001143267800216563,9.371672604174819e-06,0,False,0.0,0,0
fm,grad_norm/grad_2.0_norm/decoder.encoder.encoders.5.self_attn.pos_bias_v,3400,49,169999,2.45229284701054e-06,1.5891509974608198e-05,7.968899922161654e-07,0.00018324670963920653,1.2368991519906558e-05,0,False,0.0,0,0
fm,grad_norm/grad_2.0_norm/decoder.encoder.encoders.5.self_attn.linear_q.weight,3400,49,169999,2.4034612579271197e-05,0.0001335134875262156,1.593605338712223e-05,0.0013082054210826755,0.00011253796765231527,0,False,0.0,0,0
fm,grad_norm/grad_2.0_norm/decoder.encoder.encoders.5.self_attn.linear_q.bias,3400,49,169999,2.2945857836020878e-06,1.836487172113266e-05,1.5916307347652037e-06,0.00018521783931646496,1.4937115338398144e-05,0,False,0.0,0,0
fm,grad_norm/grad_2.0_norm/decoder.encoder.encoders.5.self_attn.linear_k.weight,3400,49,169999,4.5357333874562755e-05,7.699779962422326e-05,1.387722932122415e-05,0.0005673753330484033,4.815527790924534e-05,0,False,0.0,0,0
fm,grad_norm/grad_2.0_norm/decoder.encoder.encoders.5.self_attn.linear_k.bias,3400,49,169999,1.365866086899814e-09,2.0491583541115688e-08,1.365866086899814e-09,3.8634944132809323e-08,1.2596380827289977e-08,0,False,0.0,0,0
fm,grad_norm/grad_2.0_norm/decoder.encoder.encoders.5.self_attn.linear_v.weight,3400,49,169999,6.164886144688353e-05,0.00021712997113354504,3.62502942152787e-05,0.001130659249611199,0.00023734691058052704,0,False,0.0,0,0
fm,grad_norm/grad_2.0_norm/decoder.encoder.encoders.5.self_attn.linear_v.bias,3400,49,169999,6.444732662203023e-06,3.5489942092681304e-05,3.7828419863217277e-06,0.00014622023445554078,3.304674282844644e-05,0,False,0.0,0,0
fm,grad_norm/grad_2.0_norm/decoder.encoder.encoders.5.self_attn.linear_out.weight,3400,49,169999,4.52794338343665e-05,7.31633190298453e-05,1.6502701328136027e-05,0.000243563816184178,4.672713657782879e-05,0,False,0.0,0,0
fm,grad_norm/grad_2.0_norm/decoder.encoder.encoders.5.self_attn.linear_out.bias,3400,49,169999,8.433073162450455e-06,1.4417759302887134e-05,2.8093875243939692e-06,7.446950621670112e-05,1.3724063592235325e-05,0,False,0.0,0,0
fm,grad_norm/grad_2.0_norm/decoder.encoder.encoders.5.self_attn.linear_pos.weight,3400,49,169999,1.368063658446772e-05,0.00011778918997151777,1.1378851922927424e-05,0.0006293467013165355,7.1695503720548e-05,0,False,0.0,0,0
fm,grad_norm/grad_2.0_norm/decoder.encoder.encoders.5.feed_forward.w_1.weight,3400,49,169999,4.581671964842826e-05,0.0001764561457093805,1.3921405297878664e-05,0.0005857395008206367,0.0001361631293548271,0,False,0.0,0,0
fm,grad_norm/grad_2.0_norm/decoder.encoder.encoders.5.feed_forward.w_1.bias,3400,49,169999,4.850153345614672e-06,2.0094248611712828e-05,1.4608967831009068e-06,7.229509355966002e-05,1.6084191884147003e-05,0,False,0.0,0,0
fm,grad_norm/grad_2.0_norm/decoder.encoder.encoders.5.feed_forward.w_2.weight,3400,49,169999,2.0001400116598234e-05,0.0001208497051266022,9.313839655078482e-06,0.0002611748641356826,4.693668779509608e-05,0,False,0.0,0,0
fm,grad_norm/grad_2.0_norm/decoder.encoder.encoders.5.feed_forward.w_2.bias,3400,49,169999,8.446615538559854e-06,1.6059137124102563e-05,2.831498250088771e-06,8.035758946789429e-05,1.4230167380446801e-05,0,False,0.0,0,0
fm,grad_norm/grad_2.0_norm/decoder.encoder.encoders.5.norm_ff.weight,3400,49,169999,1.1368295417923946e-05,4.058171543874778e-05,5.371939550968818e-06,0.00020660622976720333,3.3649384931777604e-05,0,False,0.0,0,0
fm,grad_norm/grad_2.0_norm/decoder.encoder.encoders.5.norm_ff.bias,3400,49,169999,1.5161254850681871e-05,7.836992881493643e-05,4.0832801460055634e-06,0.00040339655242860317,7.656088564544916e-05,0,False,0.0,0,0
fm,grad_norm/grad_2.0_norm/decoder.encoder.encoders.5.norm_mha.weight,3400,49,169999,5.781550498795696e-06,4.7689649363746867e-05,5.395955213316483e-06,0.00029068090952932835,3.5886945624952205e-05,0,False,0.0,0,0
fm,grad_norm/grad_2.0_norm/decoder.encoder.encoders.5.norm_mha.bias,3400,49,169999,8.260448339569848e-06,0.00014292039850261062,8.260448339569848e-06,0.0020452009048312902,0.00019805848569376394,0,False,0.0,0,0
fm,grad_norm/grad_2.0_norm_total,3400,49,169999,0.79693204164505,0.04760247841477394,0.04670270159840584,0.79693204164505,0.11671975627541542,0,False,0.0,0,0
fm,sub_loss/train_dur_loss_epoch,500,339,169999,0.26059404015541077,0.1378532201051712,0.1378532201051712,0.26059404015541077,0.1563078537583351,0,False,0.0,0,0
fm,sub_loss/train_prior_loss_epoch,500,339,169999,0.9781734943389893,0.9567943811416626,0.9567943811416626,0.9781734943389893,0.9592965543270111,0,False,0.0,0,0
fm,sub_loss/train_diff_loss_epoch,500,339,169999,0.2397625595331192,0.15294906497001648,0.15239383280277252,0.2397625595331192,0.1596681997179985,0,False,0.0,0,0
fm,mas_duration/train_zero_ratio_epoch,500,339,169999,0.0,0.0,0.0,0.0,0.0,0,True,1.0,0,0
fm,mas_duration/train_one_ratio_epoch,500,339,169999,0.05984942987561226,0.039750806987285614,0.039750806987285614,0.05984942987561226,0.04323716461658478,0,False,0.0,0,0
fm,mas_duration/train_le2_ratio_epoch,500,339,169999,0.38128259778022766,0.3128916621208191,0.3128916621208191,0.38128259778022766,0.3212226778268814,0,False,0.0,0,0
fm,mas_duration/train_speech_zero_ratio_epoch,500,339,169999,0.0,0.0,0.0,0.0,0.0,0,True,1.0,0,0
fm,mas_duration/train_speech_one_ratio_epoch,500,339,169999,0.01862272433936596,0.012652028352022171,0.012613263912498951,0.01862272433936596,0.013807176146656275,0,False,0.0,0,0
fm,mas_duration/train_speech_le2_ratio_epoch,500,339,169999,0.3651033639907837,0.2996704876422882,0.29960477352142334,0.3651033639907837,0.3072769343852997,0,False,0.0,0,0
fm,mas_duration/train_separator_zero_ratio_epoch,500,339,169999,0.0,0.0,0.0,0.0,0.0,0,True,1.0,0,0
fm,mas_duration/train_separator_one_ratio_epoch,500,339,169999,0.34818676114082336,0.2328527271747589,0.2328527271747589,0.34818676114082336,0.2511381208896637,0,False,0.0,0,0
fm,mas_duration/train_separator_ge3_ratio_epoch,500,339,169999,0.5081988573074341,0.5928006172180176,0.5081988573074341,0.5946201682090759,0.5817116796970367,0,False,0.0,0,0
fm,mas_duration/train_separator_ge5_ratio_epoch,500,339,169999,0.30517974495887756,0.3309917747974396,0.30517974495887756,0.3490203320980072,0.3295004814863205,0,False,0.0,0,0
fm,mas_duration/train_word_separator_ge3_ratio_epoch,500,339,169999,0.5081988573074341,0.5928006172180176,0.5081988573074341,0.5946201682090759,0.5817116796970367,0,False,0.0,0,0
fm,mas_duration/train_word_separator_ge5_ratio_epoch,500,339,169999,0.30517974495887756,0.3309917747974396,0.30517974495887756,0.3490203320980072,0.3295004814863205,0,False,0.0,0,0
fm,mas_duration/train_blank_zero_ratio_epoch,500,339,169999,0.0,0.0,0.0,0.0,0.0,0,True,1.0,0,0
fm,mas_duration/train_blank_one_ratio_epoch,500,339,169999,0.0,0.0,0.0,0.0,0.0,0,True,1.0,0,0
fm,mas_duration/train_mean_epoch,500,339,169999,4.259424686431885,4.259510040283203,4.259307384490967,4.259677886962891,4.259493827819824,0,False,0.0,0,0
fm,mas_duration/train_speech_mean_epoch,500,339,169999,4.211266040802002,4.1910881996154785,4.160125732421875,4.211266040802002,4.191211462020874,0,False,0.0,0,0
fm,mas_duration/train_separator_mean_epoch,500,339,169999,4.656136989593506,4.740268707275391,4.656136989593506,4.99018669128418,4.745080947875977,0,False,0.0,0,0
fm,mas_duration/train_word_separator_mean_epoch,500,339,169999,4.656136989593506,4.740268707275391,4.656136989593506,4.99018669128418,4.745080947875977,0,False,0.0,0,0
fm,mas_duration/train_min_epoch,500,339,169999,1.0,1.0,1.0,1.0,1.0,0,True,0.0,0,0
fm,mas_duration/train_speech_min_epoch,500,339,169999,1.0,1.0,1.0,1.0,1.0,0,True,0.0,0,0
fm,mas_duration/train_separator_max_epoch,500,339,169999,35.194854736328125,30.88897132873535,30.589706420898438,35.3779411315918,31.190441131591797,0,False,0.0,0,0
fm,mas_duration/train_word_separator_max_epoch,500,339,169999,35.194854736328125,30.88897132873535,30.589706420898438,35.3779411315918,31.190441131591797,0,False,0.0,0,0
fm,mas_duration/train_mel_per_token_mean_epoch,500,339,169999,4.306353569030762,4.306359767913818,4.306342124938965,4.306378364562988,4.306357383728027,0,False,0.0,0,0
fm,mas_duration/train_mel_per_token_min_epoch,500,339,169999,3.4211931228637695,3.4203362464904785,3.4141743183135986,3.4258675575256348,3.4201687574386597,0,False,0.0,0,0
fm,mas_duration/train_mel_per_speech_token_mean_epoch,500,339,169999,4.999300003051758,4.9993133544921875,4.999288558959961,4.999325752258301,4.9993085861206055,0,False,0.0,0,0
fm,mas_duration/train_mel_per_speech_token_min_epoch,500,339,169999,3.693816900253296,3.6959421634674072,3.683037281036377,3.698026418685913,3.691509485244751,0,False,0.0,0,0
fm,mas_duration/train_sample_mel_per_token_lt1_ratio_epoch,500,339,169999,0.0,0.0,0.0,0.0,0.0,0,True,1.0,0,0
fm,mas_duration/train_sample_mel_per_token_lt1_5_ratio_epoch,500,339,169999,0.0,0.0,0.0,0.0,0.0,0,True,1.0,0,0
fm,duration_mask/train_masked_token_ratio_epoch,500,339,169999,0.0,0.0,0.0,0.0,0.0,0,True,1.0,0,0
fm,duration_mask/train_masked_short_token_ratio_epoch,500,339,169999,0.0,0.0,0.0,0.0,0.0,0,True,1.0,0,0
fm,duration_mask/train_masked_long_token_ratio_epoch,500,339,169999,0.0,0.0,0.0,0.0,0.0,0,True,1.0,0,0
fm,duration_mask/train_arpa_masked_token_ratio_epoch,500,339,169999,0.0,0.0,0.0,0.0,0.0,0,True,1.0,0,0
fm,duration_mask/train_arpa_masked_short_token_ratio_epoch,500,339,169999,0.0,0.0,0.0,0.0,0.0,0,True,1.0,0,0
fm,duration_mask/train_arpa_masked_long_token_ratio_epoch,500,339,169999,0.0,0.0,0.0,0.0,0.0,0,True,1.0,0,0
fm,duration_mask/train_zh_masked_token_ratio_epoch,500,339,169999,0.0,0.0,0.0,0.0,0.0,0,True,1.0,0,0
fm,duration_mask/train_zh_masked_short_token_ratio_epoch,500,339,169999,0.0,0.0,0.0,0.0,0.0,0,True,1.0,0,0
fm,duration_mask/train_zh_masked_long_token_ratio_epoch,500,339,169999,0.0,0.0,0.0,0.0,0.0,0,True,1.0,0,0
fm,duration_mask/train_constrained_score_gap_per_frame_mean_epoch,500,339,169999,0.24745036661624908,0.0887925997376442,0.0887925997376442,0.24745036661624908,0.10829629376530647,0,False,0.0,0,0
fm,duration_mask/train_constrained_score_gap_per_frame_max_epoch,500,339,169999,1.3998130559921265,0.5362173914909363,0.5313207507133484,1.3998130559921265,0.6698545515537262,0,False,0.0,0,0
fm,duration_mask/train_floor_rescaled_sample_ratio_epoch,500,339,169999,0.0,0.0,0.0,0.0,0.0,0,True,1.0,0,0
fm,duration_mask/train_ceiling_rescaled_sample_ratio_epoch,500,339,169999,0.0,0.0,0.0,0.0,0.0,0,True,1.0,0,0
fm,duration_mask/train_ceiling_binding_token_ratio_epoch,500,339,169999,0.08249859511852264,0.09521206468343735,0.08249859511852264,0.09534995257854462,0.09351136907935143,0,False,0.0,0,0
fm,duration_mask/train_infeasible_sample_ratio_epoch,500,339,169999,0.0,0.0,0.0,0.0,0.0,0,True,1.0,0,0
fm,duration_mask/train_floor_binding_token_ratio_epoch,500,339,169999,0.4284932315349579,0.36479586362838745,0.3646978437900543,0.4284932315349579,0.37162718176841736,0,False,0.0,0,0
fm,duration_mask/train_sil_target_mean_frames_epoch,500,339,169999,7.292126178741455,7.339491367340088,7.18837308883667,7.38497257232666,7.307965517044067,0,False,0.0,0,0
fm,loss/train_epoch,500,339,169999,1.478529930114746,1.2475963830947876,1.2475963830947876,1.478529930114746,1.2752723693847656,0,False,0.0,0,0
fm,learning_rate/prior_encoder_epoch,500,339,169999,7.603500853292644e-05,2.1395882868091576e-05,2.1395882868091576e-05,0.0003000000724568963,0.0003000000724568963,0,False,0.0,0,0
fm,learning_rate/duration_predictor_epoch,500,339,169999,7.603500853292644e-05,2.1395882868091576e-05,2.1395882868091576e-05,0.0003000000724568963,0.0003000000724568963,0,False,0.0,0,0
fm,learning_rate/spk_emb_epoch,500,339,169999,7.603500853292644e-05,2.1395882868091576e-05,2.1395882868091576e-05,0.0003000000724568963,0.0003000000724568963,0,False,0.0,0,0
fm,learning_rate/decoder_epoch,500,339,169999,7.603500853292644e-05,2.1395882868091576e-05,2.1395882868091576e-05,0.0003000000724568963,0.0003000000724568963,0,False,0.0,0,0
fm,learning_rate/lr_epoch,500,339,169999,7.603500853292644e-05,2.1395882868091576e-05,2.1395882868091576e-05,0.0003000000724568963,0.0003000000724568963,0,False,0.0,0,0
fm,epoch,670,339,169999,0.0,499.0,0.0,499.0,249.5,0,False,0.0014925373134328358,10,0
fm,sub_loss/val_dur_loss_step,1700,0,1699,0.2802662253379822,0.16584129631519318,0.14334389567375183,0.3241475820541382,0.21299481391906738,0,False,0.0,0,0
fm,sub_loss/val_prior_loss_step,1700,0,1699,0.9689548015594482,0.9655719995498657,0.9625200033187866,0.9731802344322205,0.9648636877536774,0,False,0.0,0,0
fm,sub_loss/val_diff_loss_step,1700,0,1699,0.17986436188220978,0.16794656217098236,0.09498178213834763,0.30703023076057434,0.1683560237288475,0,False,0.0,0,0
fm,mas_duration/val_zero_ratio_step,1700,0,1699,0.0,0.0,0.0,0.0,0.0,0,True,1.0,0,0
fm,mas_duration/val_one_ratio_step,1700,0,1699,0.08759403228759766,0.041299548000097275,0.026856375858187675,0.09693068265914917,0.05424501374363899,0,False,0.0,0,0
fm,mas_duration/val_le2_ratio_step,1700,0,1699,0.32296282052993774,0.3723406493663788,0.26579201221466064,0.40344345569610596,0.3343397229909897,0,False,0.0,0,0
fm,mas_duration/val_speech_zero_ratio_step,1700,0,1699,0.0,0.0,0.0,0.0,0.0,0,True,1.0,0,0
fm,mas_duration/val_speech_one_ratio_step,1700,0,1699,0.023273365572094917,0.018223408609628677,0.010829002596437931,0.02488512545824051,0.014927242416888475,0,False,0.0,0,0
fm,mas_duration/val_speech_le2_ratio_step,1700,0,1699,0.28409093618392944,0.36306169629096985,0.23804211616516113,0.39106279611587524,0.3064539432525635,0,False,0.0,0,0
fm,mas_duration/val_separator_zero_ratio_step,1700,0,1699,0.0,0.0,0.0,0.0,0.0,0,True,1.0,0,0
fm,mas_duration/val_separator_one_ratio_step,1700,0,1699,0.3380934000015259,0.4089532196521759,0.2052074372768402,0.43216750025749207,0.2905496209859848,0,False,0.0,0,0
fm,mas_duration/val_separator_ge3_ratio_step,1700,0,1699,0.5256211757659912,0.47913795709609985,0.442647784948349,0.6559311747550964,0.5585405230522156,0,False,0.0,0,0
fm,mas_duration/val_separator_ge5_ratio_step,1700,0,1699,0.27569344639778137,0.34036946296691895,0.2555266320705414,0.4584900736808777,0.32848861813545227,0,False,0.0,0,0
fm,mas_duration/val_word_separator_ge3_ratio_step,1700,0,1699,0.5256211757659912,0.47913795709609985,0.442647784948349,0.6559311747550964,0.5585405230522156,0,False,0.0,0,0
fm,mas_duration/val_word_separator_ge5_ratio_step,1700,0,1699,0.27569344639778137,0.34036946296691895,0.2555266320705414,0.4584900736808777,0.32848861813545227,0,False,0.0,0,0
fm,mas_duration/val_blank_zero_ratio_step,1700,0,1699,0.0,0.0,0.0,0.0,0.0,0,True,1.0,0,0
fm,mas_duration/val_blank_one_ratio_step,1700,0,1699,0.0,0.0,0.0,0.0,0.0,0,True,1.0,0,0
fm,mas_duration/val_mean_step,1700,0,1699,4.515810012817383,3.9699063301086426,3.9699063301086426,4.636715888977051,4.274804353713989,0,False,0.0,0,0
fm,mas_duration/val_speech_mean_step,1700,0,1699,4.603022575378418,3.874110221862793,3.809962749481201,4.756235122680664,4.297996997833252,0,False,0.0,0,0
fm,mas_duration/val_separator_mean_step,1700,0,1699,4.176115989685059,5.517709255218506,3.5660438537597656,6.882119178771973,4.449452877044678,0,False,0.0,0,0
fm,mas_duration/val_word_separator_mean_step,1700,0,1699,4.176115989685059,5.517709255218506,3.5660438537597656,6.882119178771973,4.449452877044678,0,False,0.0,0,0
fm,mas_duration/val_min_step,1700,0,1699,1.0,1.0,1.0,1.0,1.0,0,True,0.0,0,0
fm,mas_duration/val_speech_min_step,1700,0,1699,1.0,1.0,1.0,1.0,1.0,0,True,0.0,0,0
fm,mas_duration/val_separator_max_step,1700,0,1699,36.75,28.5,20.75,40.25,28.25,0,False,0.0,0,0
fm,mas_duration/val_word_separator_max_step,1700,0,1699,36.75,28.5,20.75,40.25,28.25,0,False,0.0,0,0
fm,mas_duration/val_mel_per_token_mean_step,1700,0,1699,4.530572891235352,4.037237167358398,4.037237167358398,4.672684192657471,4.343693017959595,0,False,0.0,0,0
fm,mas_duration/val_mel_per_token_min_step,1700,0,1699,3.9721245765686035,3.4650352001190186,3.3991992473602295,3.9886932373046875,3.585063934326172,0,False,0.0,0,0
fm,mas_duration/val_mel_per_speech_token_mean_step,1700,0,1699,5.691036701202393,4.277496337890625,4.277496337890625,5.844976425170898,5.321435928344727,0,False,0.0,0,0
fm,mas_duration/val_mel_per_speech_token_min_step,1700,0,1699,4.956266403198242,3.7162623405456543,3.630469799041748,4.956266403198242,3.962784767150879,0,False,0.0,0,0
fm,mas_duration/val_sample_mel_per_token_lt1_ratio_step,1700,0,1699,0.0,0.0,0.0,0.0,0.0,0,True,1.0,0,0
fm,mas_duration/val_sample_mel_per_token_lt1_5_ratio_step,1700,0,1699,0.0,0.0,0.0,0.0,0.0,0,True,1.0,0,0
fm,duration_mask/val_masked_token_ratio_step,1700,0,1699,0.0,0.0,0.0,0.0,0.0,0,True,1.0,0,0
fm,duration_mask/val_masked_short_token_ratio_step,1700,0,1699,0.0,0.0,0.0,0.0,0.0,0,True,1.0,0,0
fm,duration_mask/val_masked_long_token_ratio_step,1700,0,1699,0.0,0.0,0.0,0.0,0.0,0,True,1.0,0,0
fm,duration_mask/val_arpa_masked_token_ratio_step,1700,0,1699,0.0,0.0,0.0,0.0,0.0,0,True,1.0,0,0
fm,duration_mask/val_arpa_masked_short_token_ratio_step,1700,0,1699,0.0,0.0,0.0,0.0,0.0,0,True,1.0,0,0
fm,duration_mask/val_arpa_masked_long_token_ratio_step,1700,0,1699,0.0,0.0,0.0,0.0,0.0,0,True,1.0,0,0
fm,duration_mask/val_zh_masked_token_ratio_step,1700,0,1699,0.0,0.0,0.0,0.0,0.0,0,True,1.0,0,0
fm,duration_mask/val_zh_masked_short_token_ratio_step,1700,0,1699,0.0,0.0,0.0,0.0,0.0,0,True,1.0,0,0
fm,duration_mask/val_zh_masked_long_token_ratio_step,1700,0,1699,0.0,0.0,0.0,0.0,0.0,0,True,1.0,0,0
fm,duration_mask/val_constrained_score_gap_per_frame_mean_step,1700,0,1699,0.06350524723529816,0.2757204473018646,0.03929056227207184,0.3456101417541504,0.13070104271173477,0,False,0.0,0,0
fm,duration_mask/val_constrained_score_gap_per_frame_max_step,1700,0,1699,0.14761871099472046,1.0690255165100098,0.08335675299167633,1.5412001609802246,0.6264882683753967,0,False,0.0,0,0
fm,duration_mask/val_floor_rescaled_sample_ratio_step,1700,0,1699,0.0,0.0,0.0,0.0,0.0,0,True,1.0,0,0
fm,duration_mask/val_ceiling_rescaled_sample_ratio_step,1700,0,1699,0.0,0.0,0.0,0.0,0.0,0,True,1.0,0,0
fm,duration_mask/val_ceiling_binding_token_ratio_step,1700,0,1699,0.0,0.14924979209899902,0.0,0.1672024130821228,0.053554726764559746,0,False,0.025294117647058825,0,0
fm,duration_mask/val_infeasible_sample_ratio_step,1700,0,1699,0.0,0.0,0.0,0.0,0.0,0,True,1.0,0,0
fm,duration_mask/val_floor_binding_token_ratio_step,1700,0,1699,0.26973170042037964,0.47851982712745667,0.23524975776672363,0.508185863494873,0.327281653881073,0,False,0.0,0,0
fm,duration_mask/val_sil_target_mean_frames_step,1700,0,1699,2.703125,6.232143402099609,2.109375,9.1875,6.21875,0,False,0.0,0,0
fm,loss/val_step,1700,0,1699,1.429085373878479,1.2993597984313965,1.2154351472854614,1.54488205909729,1.3577452301979065,0,False,0.0,0,0
fm,sub_loss/val_dur_loss_epoch,170,999,169999,0.23140977323055267,0.21582786738872528,0.20788083970546722,0.23140977323055267,0.2130497619509697,0,False,0.0,0,0
fm,sub_loss/val_prior_loss_epoch,170,999,169999,0.9684175848960876,0.9662898778915405,0.9655460119247437,0.9684175848960876,0.9659592807292938,0,False,0.0,0,0
fm,sub_loss/val_diff_loss_epoch,170,999,169999,0.18489688634872437,0.15826007723808289,0.14713098108768463,0.19616839289665222,0.1705692857503891,0,False,0.0,0,0
fm,mas_duration/val_zero_ratio_epoch,170,999,169999,0.0,0.0,0.0,0.0,0.0,0,True,1.0,0,0
fm,mas_duration/val_one_ratio_epoch,170,999,169999,0.06682635843753815,0.05221184715628624,0.051454368978738785,0.06682635843753815,0.05335375480353832,0,False,0.0,0,0
fm,mas_duration/val_le2_ratio_epoch,170,999,169999,0.3531481921672821,0.32043275237083435,0.31984564661979675,0.3531481921672821,0.323968842625618,0,False,0.0,0,0
fm,mas_duration/val_speech_zero_ratio_epoch,170,999,169999,0.0,0.0,0.0,0.0,0.0,0,True,1.0,0,0
fm,mas_duration/val_speech_one_ratio_epoch,170,999,169999,0.0199145320802927,0.01527907233685255,0.014827631413936615,0.0199145320802927,0.01581641472876072,0,False,0.0,0,0
fm,mas_duration/val_speech_le2_ratio_epoch,170,999,169999,0.32714906334877014,0.30166947841644287,0.300227552652359,0.32714906334877014,0.3039001226425171,0,False,0.0,0,0
fm,mas_duration/val_separator_zero_ratio_epoch,170,999,169999,0.0,0.0,0.0,0.0,0.0,0,True,1.0,0,0
fm,mas_duration/val_separator_one_ratio_epoch,170,999,169999,0.34560832381248474,0.29717451333999634,0.27116090059280396,0.34560832381248474,0.29672811925411224,0,False,0.0,0,0
fm,mas_duration/val_separator_ge3_ratio_epoch,170,999,169999,0.5188156366348267,0.5575087070465088,0.5188156366348267,0.5845457315444946,0.5550788342952728,0,False,0.0,0,0
fm,mas_duration/val_separator_ge5_ratio_epoch,170,999,169999,0.32531529664993286,0.3230298161506653,0.3118906319141388,0.3559821546077728,0.3256472945213318,0,False,0.0,0,0
fm,mas_duration/val_word_separator_ge3_ratio_epoch,170,999,169999,0.5188156366348267,0.5575087070465088,0.5188156366348267,0.5845457315444946,0.5550788342952728,0,False,0.0,0,0
fm,mas_duration/val_word_separator_ge5_ratio_epoch,170,999,169999,0.32531529664993286,0.3230298161506653,0.3118906319141388,0.3559821546077728,0.3256472945213318,0,False,0.0,0,0
fm,mas_duration/val_blank_zero_ratio_epoch,170,999,169999,0.0,0.0,0.0,0.0,0.0,0,True,1.0,0,0
fm,mas_duration/val_blank_one_ratio_epoch,170,999,169999,0.0,0.0,0.0,0.0,0.0,0,True,1.0,0,0
fm,mas_duration/val_mean_epoch,170,999,169999,4.287093639373779,4.287093639373779,4.287093639373779,4.287093639373779,4.287093639373779,0,True,0.0,0,0
fm,mas_duration/val_speech_mean_epoch,170,999,169999,4.286636829376221,4.290343284606934,4.240316867828369,4.302768230438232,4.286083221435547,0,False,0.0,0,0
fm,mas_duration/val_separator_mean_epoch,170,999,169999,4.908032417297363,4.620151519775391,4.544044017791748,5.09661340713501,4.658491849899292,0,False,0.0,0,0
fm,mas_duration/val_word_separator_mean_epoch,170,999,169999,4.908032417297363,4.620151519775391,4.544044017791748,5.09661340713501,4.658491849899292,0,False,0.0,0,0
fm,mas_duration/val_min_epoch,170,999,169999,1.0,1.0,1.0,1.0,1.0,0,True,0.0,0,0
fm,mas_duration/val_speech_min_epoch,170,999,169999,1.0,1.0,1.0,1.0,1.0,0,True,0.0,0,0
fm,mas_duration/val_separator_max_epoch,170,999,169999,30.31962013244629,28.348100662231445,27.702531814575195,31.056962966918945,28.76740550994873,0,False,0.0,0,0
fm,mas_duration/val_word_separator_max_epoch,170,999,169999,30.31962013244629,28.348100662231445,27.702531814575195,31.056962966918945,28.76740550994873,0,False,0.0,0,0
fm,mas_duration/val_mel_per_token_mean_epoch,170,999,169999,4.341183662414551,4.341183662414551,4.341183662414551,4.341183662414551,4.341183662414551,0,True,0.0,0,0
fm,mas_duration/val_mel_per_token_min_epoch,170,999,169999,3.6408088207244873,3.6408088207244873,3.6408088207244873,3.6408088207244873,3.6408088207244873,0,True,0.0,0,0
fm,mas_duration/val_mel_per_speech_token_mean_epoch,170,999,169999,5.13684606552124,5.13684606552124,5.13684606552124,5.13684606552124,5.13684606552124,0,True,0.0,0,0
fm,mas_duration/val_mel_per_speech_token_min_epoch,170,999,169999,4.210357666015625,4.210357666015625,4.210357666015625,4.210357666015625,4.210357666015625,0,True,0.0,0,0
fm,mas_duration/val_sample_mel_per_token_lt1_ratio_epoch,170,999,169999,0.0,0.0,0.0,0.0,0.0,0,True,1.0,0,0
fm,mas_duration/val_sample_mel_per_token_lt1_5_ratio_epoch,170,999,169999,0.0,0.0,0.0,0.0,0.0,0,True,1.0,0,0
fm,duration_mask/val_masked_token_ratio_epoch,170,999,169999,0.0,0.0,0.0,0.0,0.0,0,True,1.0,0,0
fm,duration_mask/val_masked_short_token_ratio_epoch,170,999,169999,0.0,0.0,0.0,0.0,0.0,0,True,1.0,0,0
fm,duration_mask/val_masked_long_token_ratio_epoch,170,999,169999,0.0,0.0,0.0,0.0,0.0,0,True,1.0,0,0
fm,duration_mask/val_arpa_masked_token_ratio_epoch,170,999,169999,0.0,0.0,0.0,0.0,0.0,0,True,1.0,0,0
fm,duration_mask/val_arpa_masked_short_token_ratio_epoch,170,999,169999,0.0,0.0,0.0,0.0,0.0,0,True,1.0,0,0
fm,duration_mask/val_arpa_masked_long_token_ratio_epoch,170,999,169999,0.0,0.0,0.0,0.0,0.0,0,True,1.0,0,0
fm,duration_mask/val_zh_masked_token_ratio_epoch,170,999,169999,0.0,0.0,0.0,0.0,0.0,0,True,1.0,0,0
fm,duration_mask/val_zh_masked_short_token_ratio_epoch,170,999,169999,0.0,0.0,0.0,0.0,0.0,0,True,1.0,0,0
fm,duration_mask/val_zh_masked_long_token_ratio_epoch,170,999,169999,0.0,0.0,0.0,0.0,0.0,0,True,1.0,0,0
fm,duration_mask/val_constrained_score_gap_per_frame_mean_epoch,170,999,169999,0.16348913311958313,0.14091706275939941,0.1341819018125534,0.16348913311958313,0.1435564085841179,0,False,0.0,0,0
fm,duration_mask/val_constrained_score_gap_per_frame_max_epoch,170,999,169999,0.6369335055351257,0.5926372408866882,0.5627416372299194,0.7027803063392639,0.6278379261493683,0,False,0.0,0,0
fm,duration_mask/val_floor_rescaled_sample_ratio_epoch,170,999,169999,0.0,0.0,0.0,0.0,0.0,0,True,1.0,0,0
fm,duration_mask/val_ceiling_rescaled_sample_ratio_epoch,170,999,169999,0.0,0.0,0.0,0.0,0.0,0,True,1.0,0,0
fm,duration_mask/val_ceiling_binding_token_ratio_epoch,170,999,169999,0.06459103524684906,0.07270722836256027,0.06459103524684906,0.07325224578380585,0.07077554985880852,0,False,0.0,0,0
fm,duration_mask/val_infeasible_sample_ratio_epoch,170,999,169999,0.0,0.0,0.0,0.0,0.0,0,True,1.0,0,0
fm,duration_mask/val_floor_binding_token_ratio_epoch,170,999,169999,0.3676397502422333,0.34623390436172485,0.3440863788127899,0.3676397502422333,0.34886103868484497,0,False,0.0,0,0
fm,duration_mask/val_sil_target_mean_frames_epoch,170,999,169999,5.533227920532227,5.696202754974365,5.446202754974365,5.708860874176025,5.628164768218994,0,False,0.0,0,0
fm,loss/val_epoch,170,999,169999,1.3847242593765259,1.340377688407898,1.3277242183685303,1.3847242593765259,1.349771499633789,0,False,0.0,0,0
